,word,count
0,국보,2.0
1,아줌마,3.0
2,팩트,2.0
2,팩트체크,4.0
2,체크,2.0
2,보드,2.0
3,대한,2.0
3,대한민국,4.0
3,대한민국사람,6.0
3,민국,2.0
3,사람,2.0
3,자랑,2.0
3,우리,2.0
3,하자,2.0
4,월드,2.0
4,클래스,3.0
4,소식,2.0
4,응원,2.0
5,정국,2.0
5,정국오빠,4.0
5,오빠,2.0
5,생일,2.0
5,보드,2.0
5,위기사라니,5.0
5,기사,2.0
5,라니,2.0
5,축제,2.0
6,축하,2.0
6,응원,2.0
6,계정,2.0
6,스트리밍,4.0
6,사재기,3.0
6,팬덤,2.0
6,테러,2.0
6,개념,2.0
6,개념보고,4.0
6,보고,2.0
6,최고,2.0
7,기자,2.0
7,발표,2.0
8,자랑,2.0
8,축하,2.0
9,응원,2.0
9,사랑,2.0
10,빈집,2.0
10,빈집털이,4.0
10,털이,2.0
11,여러분,3.0
11,보드,2.0
11,가보,2.0
11,도댜체,3.0
11,가야,2.0
11,다이나,3.0
11,다이나마이트,6.0
11,마이트,3.0
11,거지,2.0
11,안보,2.0
12,마이클,3.0
12,마이클잭,4.0
12,마돈나,3.0
12,보드,2.0
13,보드,2.0
13,가치,2.0
13,옛날,2.0
13,차트,2.0
13,시절,2.0
13,요새,2.0
13,음악,2.0
13,대한,2.0
13,대한민국,4.0
13,대한민국인,5.0
13,민국,2.0
13,멜론,2.0
14,일본인,3.0
14,대한,2.0
14,대한민국,4.0
14,민국,2.0
15,케이,2.0
15,팝중,2.0
15,북미,2.0
15,아들,2.0
15,대중적,3.0
15,인지도,3.0
15,인기,2.0
15,인기확보,4.0
15,확보,2.0
15,플러스,3.0
15,블랙,2.0
15,블랙핑크,4.0
15,핑크,2.0
15,얘들,2.0
15,자체,2.0
15,거임,2.0
15,케이,2.0
15,케이팝,3.0
15,아시아,3.0
15,아시아위주임,6.0
15,주임,2.0
15,남미,2.0
16,최고,2.0
16,자랑,2.0
17,축하,2.0
18,보드,2.0
18,세계,2.0
18,세계대회,4.0
18,대회,2.0
18,우승,2.0
19,내가,2.0
19,최고,2.0
19,대한,2.0
19,대한민국,4.0
19,민국,2.0
19,자랑,2.0
19,우리,2.0
20,이상,2.0
20,후원,2.0
20,영광,2.0
20,댓가,2.0
20,이용,2.0
20,마라,2.0
20,노력,2.0
20,정치적,3.0
22,요즘,2.0
22,코로나,3.0
22,코로나때문,5.0
22,때문,2.0
22,해외,2.0
22,춘천,2.0
22,일주일간,4.0
22,생활,2.0
22,방영,2.0
22,내가,2.0
22,사람,2.0
22,빅히트,3.0
22,히트,2.0
22,아미,2.0
22,한글,2.0
22,영상,2.0
22,업로드,3.0
22,로드,2.0
22,국위선양국위,6.0
22,위선,2.0
22,양국,2.0
22,선양,2.0
22,선양선양,4.0
22,곳곳,2.0
22,가족,2.0
22,결혼,2.0
22,배우자,3.0
22,자식,2.0
22,대대,2.0
22,대대손손,4.0
22,대한,2.0
22,대한민국,4.0
22,민국,2.0
22,동안,2.0
22,군면제,3.0
22,면제,2.0
22,손흥민도,4.0
22,민도,2.0
22,국격,2.0
22,넘사벽,3.0
22,사벽,2.0
23,일본,2.0
24,최고,2.0
24,차트,2.0
24,진정,2.0
24,위지,2.0
25,니들,2.0
25,미쿡,2.0
25,미쿡서,3.0
25,적폐,2.0
26,군면제,3.0
26,면제,2.0
26,요즘,2.0
26,완전,2.0
26,당대,2.0
26,대한,2.0
26,대한민국,4.0
26,민국,2.0
26,년도,2.0
26,전멤버,3.0
26,멤버,2.0
26,군필자,3.0
26,필자,2.0
26,이미지,3.0
26,상남자,3.0
26,남자,2.0
26,컨셉,2.0
26,변신,2.0
26,활동,2.0
26,인기,2.0
27,코로나,3.0
27,시기,2.0
27,희망,2.0
27,노래,2.0
27,대한,2.0
27,대한민국,4.0
27,민국,2.0
27,최초,2.0
27,보드,2.0
27,싱글,2.0
27,위라니,3.0
27,라니,2.0
27,자랑,2.0
27,응원,2.0
28,축하,2.0
28,건강,2.0
28,꽃길,2.0
29,보드,2.0
29,축하,2.0
29,축하해,3.0
29,감사,2.0
30,남자,2.0
30,공수,2.0
30,근무,2.0
30,하지,2.0
30,군면제,3.0
30,면제,2.0
30,한데,2.0
30,정도,2.0
30,올림픽,3.0
30,금메달,3.0
30,거랑,2.0
30,동급,2.0
30,문화,2.0
30,문화전파,4.0
30,전파,2.0
30,선봉,2.0
30,있는거잖아,5.0
30,불만,2.0
30,강제,2.0
30,개월,2.0
30,사회,2.0
30,봉사,2.0
30,봉사역할,4.0
30,역할,2.0
30,아미,2.0
30,아미팬,3.0
30,비티에스,4.0
30,에스,2.0
30,광팬,2.0
31,군면제,3.0
31,면제,2.0
31,중년,2.0
31,등장,2.0
31,등장이요,4.0
31,이요,2.0
31,끝물,2.0
32,군복무,3.0
32,군복무대신,5.0
32,대신,2.0
32,기초,2.0
32,기초군사훈련,6.0
32,군사,2.0
32,훈련,2.0
32,대체,2.0
32,대한,2.0
32,대한민국,4.0
32,대한민국예술문화,8.0
32,민국,2.0
32,예술,2.0
32,문화,2.0
32,자랑,2.0
32,세계,2.0
32,세계속,3.0
33,하나,2.0
33,시절,2.0
33,이제,2.0
33,세계,2.0
33,정상,2.0
33,영화,2.0
34,핵처,2.0
34,원숭이,3.0
34,우끼끼,3.0
34,기분,2.0
35,정의,2.0
35,정의당,3.0
35,비례,2.0
35,비례대표,4.0
35,대표,2.0
35,후보,2.0
36,차트,2.0
36,대한,2.0
36,대한민국,4.0
36,민국,2.0
36,등극,2.0
36,사상,2.0
36,처음,2.0
37,독도,2.0
37,주정,2.0
37,우리,2.0
38,얘네,2.0
38,기간,2.0
38,기간동안,4.0
38,동안,2.0
38,세금,2.0
38,런식,2.0
38,대체,2.0
38,공백기,3.0
38,경제적,3.0
38,손실,2.0
38,대한,2.0
38,대한민국,4.0
38,민국,2.0
39,최고,2.0
39,자랑,2.0
40,완전,2.0
40,팬임,2.0
40,자랑,2.0
40,사랑,2.0
42,디피,2.0
42,디피씨,3.0
42,가자,2.0
43,이정,2.0
43,국위,2.0
43,국위선양국위선양,8.0
43,선양,2.0
43,군면제,3.0
43,면제,2.0
43,스포츠,3.0
43,단발성,3.0
43,얘들,2.0
43,선두,2.0
43,정도,2.0
43,군인,2.0
43,해외,2.0
43,해외활동,4.0
43,활동,2.0
43,여건,2.0
43,마련,2.0
43,방법,2.0
43,강구,2.0
44,진정,2.0
44,애국,2.0
45,존재,2.0
45,존재자체,4.0
45,자체,2.0
45,역사,2.0
46,축하,2.0
48,정국,2.0
48,생일날,3.0
48,핫백,2.0
48,오늘,2.0
48,행복,2.0
49,축하,2.0
50,와우,2.0
50,진심,2.0
50,이네,2.0
50,군면제면제요청,7.0
50,면제,2.0
50,요청,2.0
50,국민,2.0
50,청원,2.0
50,번갈,2.0
50,국민청원,4.0
50,가봐야겠어,5.0
50,군면제,3.0
50,최고,2.0
50,최고자랑,4.0
50,자랑,2.0
50,시국,2.0
50,기분,2.0
50,아이,2.0
50,보배,2.0
50,감사,2.0
50,건강,2.0
50,공연,2.0
50,나이,2.0
50,보여,2.0
51,쵝오,2.0
51,축하,2.0
52,최고,2.0
53,최고,2.0
53,군면제,3.0
53,면제,2.0
53,남자,2.0
53,인정,2.0
53,국가,2.0
53,국가홍보,4.0
53,홍보,2.0
54,보드,2.0
54,보드싱글,4.0
54,싱글,2.0
54,강남스타일,5.0
54,최고,2.0
54,이네,2.0
54,누구,2.0
54,이젠,2.0
54,범접,2.0
54,범접불가,4.0
54,불가,2.0
56,독도,2.0
57,경제,2.0
57,경제뉴스,4.0
57,뉴스,2.0
58,군면제,3.0
58,면제,2.0
58,문재인,3.0
58,재인,2.0
58,대한,2.0
58,대한민국,4.0
58,민국,2.0
58,위상,2.0
58,한둘,2.0
59,개월,2.0
59,복무,2.0
59,병장,2.0
59,만기,2.0
59,만기전역,4.0
59,전역,2.0
59,직장인,3.0
59,얘네들,3.0
59,군면제,3.0
59,면제,2.0
59,인정,2.0
60,노력,2.0
60,업적,2.0
60,사람,2.0
60,수식어,3.0
61,여자,2.0
61,기본적,3.0
61,관심,2.0
61,언론,2.0
61,보드,2.0
61,난리,2.0
61,챠트,2.0
61,무엇,2.0
61,조차,2.0
61,모름,2.0
61,일본,2.0
61,년대,2.0
61,대한,2.0
61,대한민국,4.0
61,민국,2.0
61,이상,2.0
61,대한민국임,5.0
61,지금,2.0
61,스페인,3.0
61,로스,2.0
61,리오도,3.0
61,오도,2.0
61,마카레나로,5.0
61,카레,2.0
61,나로,2.0
61,그해,2.0
61,초토화,3.0
61,결국,2.0
61,팬덤,2.0
61,유튜브,3.0
61,튜브,2.0
61,조회,2.0
61,조회수로,4.0
61,수로,2.0
61,아무,2.0
61,국위,2.0
61,국위선양,4.0
61,선양,2.0
61,국위선양선양,6.0
61,대한민국가,5.0
61,국가,2.0
61,정상,2.0
62,자랑,2.0
62,넘넘,2.0
62,축하,2.0
62,정국,2.0
62,정국이도,4.0
62,이도,2.0
62,생일,2.0
63,트럼프,3.0
63,시기,2.0
63,해라,2.0
63,기레,2.0
64,대한,2.0
64,대한민국,4.0
64,민국,2.0
64,자랑,2.0
64,보드,2.0
64,진심,2.0
64,축하,2.0
65,수가,2.0
65,댓글,2.0
65,쪽빠리,3.0
65,빠리,2.0
66,얘들,2.0
66,최고,2.0
68,최고,2.0
69,축하,2.0
69,축하해용,4.0
69,해용,2.0
69,보드,2.0
69,차트,2.0
69,대한,2.0
69,대한민국,4.0
69,민국,2.0
70,재앙,2.0
70,파구리,3.0
70,구리,2.0
71,쭵쭵,2.0
71,공공,2.0
71,비튀,2.0
71,모집하겠숩,5.0
71,집하,2.0
71,겠숩,2.0
72,자랑,2.0
73,진정,2.0
73,애국자,3.0
74,미국,2.0
74,메이저,3.0
74,시상식,3.0
74,세계,2.0
74,차트,2.0
74,최초,2.0
74,공개,2.0
74,다이너마이트,6.0
74,무대,2.0
74,서울,2.0
74,모습,2.0
74,배경,2.0
74,광고,2.0
74,광고효과,4.0
74,효과,2.0
74,최고,2.0
74,완벽,2.0
74,대한,2.0
74,대한민국,4.0
74,대한민국아이돌,7.0
74,민국,2.0
74,아이,2.0
74,보드,2.0
74,싱글,2.0
74,싱글차트,4.0
74,축하,2.0
75,기분,2.0
75,뉴스,2.0
75,보드,2.0
75,최고,2.0
77,소식,2.0
77,쪽바리,3.0
77,바리,2.0
77,새끼,2.0
77,분탕,2.0
78,초록,2.0
78,초록뱀,3.0
78,주가,2.0
79,시기,2.0
80,군면제,3.0
80,면제,2.0
82,우리,2.0
83,콩쿠,2.0
83,입상자,3.0
83,군면제,3.0
83,면제,2.0
84,어제,2.0
84,미국,2.0
84,시상식,3.0
84,관왕,2.0
84,영화,2.0
84,기생충,3.0
84,수상,2.0
84,기사,2.0
85,군면제,3.0
85,면제,2.0
85,여자,2.0
85,비티엑스,4.0
85,엑스,2.0
85,쟤네들,3.0
86,고라니,3.0
86,세계인,3.0
86,영웅,2.0
87,국내,2.0
87,국악,2.0
87,국악대회,4.0
87,대회,2.0
87,거기,2.0
87,입상한,3.0
87,상한,2.0
87,군면제,3.0
87,면제,2.0
87,세계,2.0
87,인정,2.0
87,면죄,2.0
87,사람,2.0
88,웬일,2.0
88,위라니,3.0
88,라니,2.0
88,소름,2.0
89,최고,2.0
89,국위,2.0
89,양국,2.0
89,양국위선양선양,7.0
89,선양,2.0
89,자랑,2.0
89,아저씨,3.0
89,응원,2.0
91,자랑,2.0
92,난리통,3.0
92,소식,2.0
92,군면제,3.0
92,면제,2.0
93,대한,2.0
93,대한민국,4.0
93,민국,2.0
93,도움,2.0
93,하나,2.0
93,키보드,3.0
93,지가,2.0
93,핸드폰,3.0
93,타자,2.0
93,칭찬,2.0
93,주라,2.0
93,인성,2.0
93,문제,2.0
93,악플러들,4.0
93,개인,2.0
93,개인주의야,5.0
93,주의,2.0
93,자기,2.0
94,자랑,2.0
94,다이,2.0
94,마이트,3.0
94,보드,2.0
94,진심,2.0
94,축하,2.0
94,축하해,3.0
94,정국,2.0
94,생일,2.0
94,최고,2.0
94,선물,2.0
95,자랑,2.0
95,역사적,3.0
95,감사,2.0
96,어디,2.0
96,거지,2.0
97,군면제,3.0
97,면제,2.0
98,군면제,3.0
98,면제,2.0
98,거지,2.0
98,국위,2.0
98,국위선양국위선양,8.0
98,선양,2.0
98,외화,2.0
98,외화획득,4.0
98,획득,2.0
98,스포츠,3.0
98,생각,2.0
98,국회의원,4.0
98,대통령,3.0
98,고위,2.0
98,고위공직자,5.0
98,공직자,3.0
98,사회,2.0
98,사회지도층,5.0
98,지도층,3.0
98,인사,2.0
98,태권도,3.0
98,금메달,3.0
98,하나,2.0
98,참고,2.0
98,아들,2.0
99,군입대,3.0
99,입대,2.0
99,연기,2.0
101,군면제얘기,5.0
101,면제,2.0
101,얘기,2.0
101,가실,2.0
101,독도,2.0
101,수비대,3.0
101,감사,2.0
102,데뷔,2.0
102,데뷔때,3.0
102,그대,2.0
102,선물,2.0
102,생각,2.0
102,수고,2.0
102,감사,2.0
102,감사해,3.0
102,정국,2.0
102,정국이의,4.0
102,이의,2.0
102,생일,2.0
102,기분,2.0
104,진심,2.0
104,경사,2.0
105,아침,2.0
105,기분,2.0
105,뉴스,2.0
105,자랑,2.0
106,보드,2.0
106,위라니,3.0
106,라니,2.0
106,축하,2.0
106,꽃길,2.0
106,걷쟈,2.0
106,만큼,2.0
106,우시국,3.0
106,시국,2.0
106,행복,2.0
106,선물,2.0
106,최고,2.0
107,사고,2.0
107,마라,2.0
108,군면제,3.0
108,면제,2.0
108,결정,2.0
108,국가,2.0
108,국가대표,4.0
108,대표,2.0
108,위상를,3.0
108,상를,2.0
108,드높힘,3.0
108,해주고,3.0
108,주고,2.0
108,수익,2.0
108,절반,2.0
108,기부,2.0
108,기부체납,4.0
108,체납,2.0
108,실제적,3.0
108,청년,2.0
108,지원,2.0
108,바람,2.0
109,인정,2.0
110,축하,2.0
110,자랑,2.0
110,대한,2.0
110,대한민국,4.0
110,민국,2.0
110,보이,2.0
110,보이밴드중,5.0
110,밴드,2.0
110,역사상,3.0
110,사상,2.0
110,번째,2.0
110,보드,2.0
110,진입,2.0
110,발매,2.0
110,위로,2.0
110,등극한,3.0
110,극한,2.0
110,보이밴드,4.0
111,군면제,3.0
111,면제,2.0
111,최고,2.0
111,국위,2.0
111,국위선양,4.0
111,선양,2.0
113,축하,2.0
113,축하해,3.0
113,자랑,2.0
114,전설,2.0
115,신곡,2.0
115,나이스,3.0
115,노래,2.0
116,의미,2.0
116,담주,2.0
116,폭락,2.0
117,최고,2.0
117,고생,2.0
117,축하,2.0
118,외교,2.0
118,문재인,3.0
118,재인,2.0
118,강경,2.0
118,실질적,3.0
119,문재앙,3.0
119,재앙,2.0
119,정수기,3.0
119,수기,2.0
119,얼굴,2.0
120,국운,2.0
120,대운,2.0
120,상승,2.0
120,의사,2.0
120,정신,2.0
121,니들,2.0
121,최고,2.0
121,군면제면제,5.0
121,면제,2.0
122,행복,2.0
122,하자,2.0
123,최고,2.0
124,사람,2.0
124,꼬라지,3.0
124,축하,2.0
124,망정,2.0
124,노래,2.0
124,열등감,3.0
124,축하해,3.0
124,자랑,2.0
125,덤핑,2.0
125,반값,2.0
125,세일,2.0
126,축하,2.0
126,우리,2.0
126,보물,2.0
126,대한,2.0
126,대한민국,4.0
126,민국,2.0
126,미국,2.0
126,애국자,3.0
126,홍보도,3.0
126,보도,2.0
126,코로나,3.0
126,관광객,3.0
126,유도,2.0
126,자랑,2.0
126,정치,2.0
126,친구,2.0
126,보드,2.0
126,챠드,2.0
126,넘버원,3.0
127,세상,2.0
127,본고장,3.0
127,대한,2.0
127,대한민국,4.0
127,민국,2.0
127,보드,2.0
127,싱글,2.0
127,싱글차트,4.0
127,차트,2.0
128,문대통령,4.0
128,대통령,3.0
128,감사,2.0
129,역대,2.0
129,역대급인건,5.0
129,인건,2.0
129,속보,2.0
130,축하,2.0
130,국방,2.0
130,국방의무,4.0
130,의무,2.0
130,이행,2.0
130,우리,2.0
130,대한,2.0
130,대한민국,4.0
130,민국,2.0
130,대한민국를,5.0
130,국를,2.0
130,세계,2.0
130,큰일,2.0
130,사람,2.0
130,군면제,3.0
130,면제,2.0
130,중단,2.0
132,최고,2.0
132,군면제,3.0
132,면제,2.0
132,무엇,2.0
132,일등,2.0
132,국내,2.0
132,클래식,3.0
132,콩쿨,2.0
135,얘네,2.0
135,군면제,3.0
135,면제,2.0
135,말자,2.0
135,인간적,3.0
135,문화적,3.0
135,국위,2.0
135,양국,2.0
135,양국위선양선양,7.0
135,선양,2.0
135,경제적,3.0
135,경제적가치,5.0
135,가치,2.0
135,인정,2.0
135,사주,2.0
135,사주기초훈련,6.0
135,기초,2.0
135,훈련,2.0
136,군면제,3.0
136,면제,2.0
136,댓글,2.0
136,등판,2.0
137,보드,2.0
137,축하,2.0
137,결과,2.0
137,이루,2.0
137,이제,2.0
137,다음,2.0
137,앨범,2.0
137,기대,2.0
137,정국,2.0
137,생일,2.0
137,선물,2.0
137,자랑,2.0
137,자랑럽,3.0
138,군면제,3.0
138,면제,2.0
139,내고,2.0
139,국가,2.0
139,국위,2.0
139,국위선양국위선양,8.0
139,선양,2.0
139,만큼,2.0
139,군면제,3.0
139,면제,2.0
139,시스템,3.0
139,최초,2.0
139,진행,2.0
140,걸그룹,3.0
140,그룹,2.0
140,보이,2.0
140,보이그룹,4.0
140,인기,2.0
141,코로나,3.0
141,일상,2.0
141,희망,2.0
141,노래,2.0
143,자랑,2.0
144,자랑,2.0
145,코로나,3.0
145,시대,2.0
145,힐링,2.0
145,군면제,3.0
145,면제,2.0
146,노래,2.0
147,대한,2.0
147,대한민국,4.0
147,민국,2.0
147,보드,2.0
147,싱글,2.0
147,국위선양국위,6.0
147,위선,2.0
147,양국,2.0
147,선양,2.0
147,선양선양,4.0
147,최고,2.0
148,최고,2.0
149,국뽕,2.0
150,자랑,2.0
151,응원,2.0
152,문프,2.0
152,이것,2.0
153,코로나,3.0
153,고통,2.0
153,고통속,3.0
153,국민,2.0
153,소식,2.0
153,감사,2.0
154,위상과,3.0
154,상과,2.0
154,월드,2.0
154,월드그룹밴드,6.0
154,그룹,2.0
154,밴드,2.0
154,축하,2.0
155,너희,2.0
155,대한,2.0
155,대한민국,4.0
155,민국,2.0
155,자랑,2.0
156,가슴,2.0
156,위라니,3.0
156,라니,2.0
156,인기,2.0
157,최고,2.0
157,단하,2.0
157,보드,2.0
157,위라니,3.0
157,라니,2.0
158,고생,2.0
158,박수,2.0
159,축하,2.0
160,최고,2.0
160,위라니,3.0
160,라니,2.0
162,국위,2.0
162,국위선양국위선양,8.0
162,선양,2.0
162,군면제,3.0
162,면제,2.0
164,문통,2.0
165,오랜만,3.0
165,뉴스,2.0
167,노래,2.0
168,자랑,2.0
170,작곡과,3.0
170,여건,2.0
170,여건등,3.0
170,일루,2.0
170,일루미,3.0
170,도움,2.0
170,불가능,3.0
170,마지막,3.0
170,조짐,2.0
170,조짐중,3.0
170,하나,2.0
171,노래,2.0
171,자랑,2.0
172,정도,2.0
172,외교,2.0
172,어줍짢,3.0
172,양복,2.0
172,꼰대,2.0
172,얼굴,2.0
172,악수,2.0
172,어른,2.0
172,이면,2.0
172,게임,2.0
173,이것,2.0
173,대한,2.0
173,대한민국,4.0
173,민국,2.0
174,군면제,3.0
174,면제,2.0
174,독도,2.0
174,경비대,3.0
174,국익,2.0
174,도움,2.0
175,초심,2.0
175,정상,2.0
175,그룹,2.0
176,보드,2.0
176,군면제,3.0
176,면제,2.0
176,제어,2.0
176,제어때,3.0
177,친구,2.0
177,군면제,3.0
177,면제,2.0
177,년기간,3.0
177,기간,2.0
177,손실,2.0
177,지금,2.0
177,계속,2.0
177,활동,2.0
177,가도,2.0
177,진심,2.0
177,세계,2.0
177,세계시장,4.0
177,시장,2.0
177,승승장구,4.0
177,방법,2.0
178,국위선양국위,6.0
178,위선,2.0
178,양국,2.0
178,선양,2.0
178,선양선양,4.0
178,군면제,3.0
178,면제,2.0
179,내가,2.0
179,최고,2.0
179,인정,2.0
180,코로나,3.0
180,코로나때문,5.0
180,때문,2.0
180,소식,2.0
181,노래,2.0
182,내가,2.0
182,최고,2.0
182,저번,2.0
182,얘들,2.0
182,대한,2.0
182,대한민국,4.0
182,민국,2.0
182,최초,2.0
182,보드,2.0
182,시기,2.0
183,우리,2.0
183,보드,2.0
183,엊그제,3.0
183,위라니,3.0
183,라니,2.0
183,자랑,2.0
183,단하,2.0
183,축하,2.0
184,축하,2.0
184,새벽,2.0
184,얘기,2.0
184,오늘,2.0
184,생각,2.0
185,얘들,2.0
185,보믄,2.0
185,크라스,3.0
186,자랑,2.0
186,최고,2.0
187,진심,2.0
187,축하,2.0
187,아미,2.0
187,성과,2.0
187,국격과,3.0
187,격과,2.0
187,브랜드,3.0
187,평판,2.0
187,상승,2.0
187,때문,2.0
187,찬송,2.0
187,하다,2.0
188,온몸,2.0
188,소름,2.0
189,우리,2.0
189,축하,2.0
190,최고,2.0
190,이성,2.0
190,주간,2.0
190,이것,2.0
191,판국,2.0
191,예전,2.0
191,마이클,3.0
191,마이클잭,4.0
191,비틀즈,3.0
191,시대,2.0
191,시대때,3.0
191,결론,2.0
192,국위,2.0
192,양국,2.0
192,양국위선양선양,7.0
192,선양,2.0
192,군면제,3.0
192,면제,2.0
192,이의,2.0
192,사람,2.0
193,최고,2.0
193,세계,2.0
193,정작,2.0
193,국내,2.0
193,뽕짝,2.0
193,주구장창,4.0
193,구장,2.0
194,대한,2.0
194,대한민국,4.0
194,민국,2.0
194,유일한,3.0
194,뉴스,2.0
195,최근,2.0
195,노래,2.0
196,아마,2.0
196,자랑,2.0
196,으헝,2.0
196,으헝헝헝,4.0
196,헝헝,2.0
197,최고,2.0
197,국위,2.0
197,국위선양국위선양,8.0
197,선양,2.0
198,부르노마스,5.0
198,르노,2.0
198,마스,2.0
198,노래,2.0
199,이해,2.0
199,얘네들,3.0
199,지구,2.0
199,도움,2.0
199,사람,2.0
199,논밭,2.0
199,곡식,2.0
199,아이,2.0
199,아이돌,3.0
199,연예인,3.0
199,존재,2.0
200,축하,2.0
200,축하해,3.0
201,축하,2.0
201,현실,2.0
202,결국,2.0
203,최고,2.0
203,자랑,2.0
203,사랑,2.0
204,축하,2.0
204,축하해,3.0
204,소식,2.0
204,요즘,2.0
204,기분,2.0
204,추카추카,4.0
206,국개의원,4.0
206,의원,2.0
206,국위,2.0
206,국위선양국위선양,8.0
206,선양,2.0
206,아이,2.0
206,군면제,3.0
206,면제,2.0
206,최고,2.0
206,진지,2.0
206,고민,2.0
207,미국,2.0
207,좌익,2.0
207,금융,2.0
207,카르텔,3.0
207,꼭두각시,4.0
207,아저씨,3.0
207,아저씨단,4.0
207,여러분,3.0
207,군면제,3.0
207,면제,2.0
207,너희,2.0
207,머리카락,4.0
207,군면제가도,5.0
207,가도,2.0
207,다음주,3.0
207,차트,2.0
207,위로,2.0
207,좌절,2.0
207,눈물,2.0
208,축하,2.0
209,펭수,2.0
210,백인,2.0
210,언어,2.0
210,노래,2.0
210,미국,2.0
210,취득,2.0
210,블랙,2.0
210,블랙코메디,5.0
210,코메디,3.0
210,거기,2.0
210,컴플렉스,4.0
210,상징,2.0
210,머리카락,4.0
210,염색,2.0
211,국경,2.0
211,초월,2.0
211,세계,2.0
211,곳곳,2.0
211,조직적,3.0
211,아이,2.0
211,아이돌팬,4.0
211,지령,2.0
211,활동,2.0
211,모습,2.0
211,과거,2.0
211,사회,2.0
211,사회주의,4.0
211,주의,2.0
212,국익,2.0
212,군면제면제,5.0
212,면제,2.0
212,주라,2.0
212,병역,2.0
212,병역기간동안,6.0
212,기간,2.0
212,동안,2.0
212,홍보,2.0
212,홍보사진,4.0
212,사진,2.0
212,아미,2.0
212,중요성,3.0
212,중소기업,4.0
212,필요,2.0
213,우리,2.0
213,호르몬,3.0
213,호르몬전쟁,5.0
213,전쟁,2.0
213,노래,2.0
213,그때,2.0
213,주변,2.0
213,아무,2.0
213,설명,2.0
213,보드,2.0
213,최고,2.0
213,말로,2.0
213,멜론,2.0
213,처음,2.0
213,위로,2.0
213,대상,2.0
213,지금,2.0
213,소통,2.0
213,성실,2.0
213,그룹,2.0
214,대한,2.0
214,대한민국,4.0
214,민국,2.0
214,부존자원,4.0
214,자원,2.0
214,빈국,2.0
214,쓰럽,2.0
214,쓰럽게,3.0
214,세계,2.0
214,세계문화,4.0
214,문화,2.0
214,대통령,3.0
214,영어권,3.0
214,고장,2.0
214,미국,2.0
214,보드,2.0
214,싱글,2.0
214,싱글차트,4.0
214,차트,2.0
214,올림픽,3.0
214,월드컵,3.0
214,메달,2.0
214,메달딴것,4.0
214,딴것,2.0
214,비교,2.0
214,쾌거,2.0
214,요즘,2.0
214,요즘대세인,5.0
214,세인,2.0
214,능가,2.0
214,만큼,2.0
214,세계적,3.0
214,자랑쓰런,4.0
214,애국,2.0
214,애국시민,4.0
214,시민,2.0
214,국회,2.0
214,국방부,3.0
214,병무청,3.0
214,병역,2.0
214,병역특례,4.0
214,특례,2.0
214,이름,2.0
214,재능,2.0
214,재능기부,4.0
214,기부,2.0
214,국격,2.0
217,남자,2.0
217,댓글,2.0
217,실화,2.0
217,조작,2.0
217,아이디,3.0
218,이랑,2.0
218,동시대,3.0
218,시대,2.0
219,보드,2.0
219,축하,2.0
219,감동,2.0
219,행복,2.0
219,활동,2.0
219,오빠,2.0
220,축하,2.0
220,진심,2.0
221,내가,2.0
221,이것,2.0
221,자랑,2.0
222,이놈,2.0
222,문통과,3.0
222,통과,2.0
223,축하,2.0
223,투표,2.0
223,스밍,2.0
223,주신,2.0
223,아미,2.0
223,수고,2.0
223,아들,2.0
223,아빠,2.0
223,사람,2.0
223,보드,2.0
224,년만,2.0
224,아시아,3.0
224,보드,2.0
224,차트,2.0
224,기존,2.0
224,기록,2.0
224,일본,2.0
224,그것,2.0
224,거지,2.0
224,이제,2.0
225,아미,2.0
225,댓글,2.0
225,군면제,3.0
225,면제,2.0
225,멤버,2.0
225,벙역,2.0
225,의무,2.0
225,가지,2.0
225,꼬리표,3.0
225,생각,2.0
225,자제,2.0
225,부탁,2.0
226,최고,2.0
226,하다,2.0
226,계속,2.0
226,가기,2.0
226,본인,2.0
226,줄기,2.0
226,행복,2.0
227,이번,2.0
227,노래,2.0
227,취향,2.0
227,롱런,2.0
228,시기,2.0
228,국위,2.0
228,국위선양국위선양,8.0
228,선양,2.0
229,자랑,2.0
231,프리,2.0
231,프리메이슨,5.0
231,메이슨,3.0
232,숟가락,3.0
232,뭉디,2.0
233,정치,2.0
233,정치충,3.0
233,환멸,2.0
233,여기,2.0
233,정치얘기,4.0
233,얘기,2.0
233,해야,2.0
234,정도,2.0
234,군면제,3.0
234,면제,2.0
235,영어,2.0
235,하면,2.0
235,한글,2.0
235,문학,2.0
235,국문학,3.0
235,구봉,2.0
235,송익필,3.0
235,문장,2.0
235,나도,2.0
235,한수,2.0
235,아래,2.0
235,송강,2.0
235,정찰,2.0
235,최고,2.0
235,취급,2.0
236,축하,2.0
236,황금,2.0
236,황금막내,4.0
236,막내,2.0
236,정국,2.0
236,정국이도,4.0
236,이도,2.0
236,생일,2.0
237,최고,2.0
237,너희,2.0
237,자랑,2.0
237,이것,2.0
237,고생,2.0
237,표현,2.0
237,축하,2.0
237,사랑,2.0
237,우리,2.0
237,정국,2.0
237,생일,2.0
237,오늘,2.0
237,하루,2.0
237,누구,2.0
237,행복,2.0
238,한남,2.0
238,국위,2.0
238,국위선양국위선양,8.0
238,선양,2.0
239,문씨,2.0
239,숟가락,3.0
239,마라,2.0
240,축하,2.0
240,자랑,2.0
240,보유국,3.0
240,대한,2.0
240,대한민국,4.0
240,민국,2.0
241,애국자,3.0
242,시기,2.0
242,단하,2.0
243,중앙,2.0
243,중앙일보,4.0
243,일보,2.0
243,연예란,3.0
243,뉴스란,3.0
243,기사,2.0
244,보드,2.0
244,순위,2.0
244,업데이트,4.0
244,그래미,3.0
244,워드,2.0
244,군면제,3.0
244,면제,2.0
244,논의,2.0
245,친구,2.0
245,파이,2.0
245,파이팅,3.0
246,기적,2.0
247,문재인,3.0
247,재인,2.0
247,백배,2.0
247,자랑,2.0
247,군면제,3.0
247,면제,2.0
248,세금,2.0
249,의미,2.0
249,니들,2.0
250,전원,2.0
250,전원군면제,5.0
250,면제,2.0
250,해라,2.0
250,국민,2.0
250,국민투표,4.0
250,투표,2.0
251,일어,2.0
251,놀람,2.0
251,최고,2.0
252,군면제면제,5.0
252,면제,2.0
252,적폐,2.0
252,다행,2.0
253,보드,2.0
253,넘버원,3.0
253,넘버원송,4.0
253,이것,2.0
253,최고,2.0
253,이거,2.0
254,억겹,2.0
254,군면제면제,5.0
254,면제,2.0
255,다이,2.0
255,마이트,3.0
255,보드,2.0
255,추카추카,4.0
256,분홍,2.0
257,군면제,3.0
257,면제,2.0
258,대댜,2.0
259,나중,2.0
259,강제,2.0
259,강제징병,4.0
259,징병,2.0
259,군면제,3.0
259,면제,2.0
259,생각,2.0
259,대한,2.0
259,대한민국,4.0
259,민국,2.0
259,원망,2.0
259,고생,2.0
259,일본,2.0
259,미국,2.0
259,유럽,2.0
259,평생,2.0
259,시간,2.0
260,자랑,2.0
260,군면제,3.0
260,면제,2.0
261,지붕,2.0
261,거지,2.0
261,거지떼,3.0
261,숟가락,3.0
261,얹을려,3.0
261,기회,2.0
262,정은,2.0
262,정은경,3.0
262,봉준호,3.0
262,준호,2.0
262,순시,2.0
262,순시리,3.0
262,시절,2.0
262,징계,2.0
262,블랙,2.0
262,블랙리스트,5.0
262,리스트,3.0
262,천대,2.0
262,재능,2.0
262,인재,2.0
263,최고,2.0
264,염불하던것들,6.0
265,코스프레,4.0
265,스프,2.0
265,사람,2.0
265,군면제,3.0
265,면제,2.0
265,개소리,3.0
265,콩쿨,2.0
265,정도,2.0
265,군면제대상,5.0
265,대상,2.0
266,자랑,2.0
266,계속,2.0
266,승승장구,4.0
266,대한,2.0
266,대한민국,4.0
266,민국,2.0
266,국위,2.0
266,양를,2.0
266,선양해,3.0
266,국위선양,4.0
266,양해,2.0
266,선양,2.0
266,주세,2.0
267,월드컵,3.0
267,김대중,3.0
267,김대중대통령,6.0
267,대통령,3.0
267,특별,2.0
267,특별귄한,4.0
267,군면제,3.0
267,면제,2.0
267,보드,2.0
268,자랑,2.0
268,최고,2.0
268,모범,2.0
269,사람,2.0
270,외교적,3.0
270,측면,2.0
270,강경,2.0
271,최고,2.0
271,월드,2.0
271,월드스타를,5.0
271,이거,2.0
271,한마디,3.0
271,증명,2.0
271,국위,2.0
271,양국,2.0
271,양국위선양선양,7.0
271,선양,2.0
271,제대,2.0
272,역사,2.0
273,비틀즈,3.0
277,대통령,3.0
277,외교,2.0
278,기생충,3.0
278,이후,2.0
278,진정,2.0
278,축하,2.0
278,대한,2.0
278,대한민국,4.0
278,대한민국문화,6.0
278,민국,2.0
278,문화,2.0
278,세계,2.0
279,최고,2.0
280,미국,2.0
280,무늬,2.0
280,우리,2.0
280,대한,2.0
280,대한민국,4.0
280,민국,2.0
281,최고,2.0
281,코로나,3.0
281,너희,2.0
281,핫백,2.0
281,위라니,3.0
281,라니,2.0
281,모든,2.0
281,기록,2.0
281,갱신,2.0
281,감사,2.0
281,행복,2.0
281,건강,2.0
281,나무,2.0
281,열매,2.0
281,모든이,3.0
281,영원,2.0
282,대통령,3.0
282,무능,2.0
282,외국,2.0
283,추카,2.0
283,성향,2.0
283,근래,2.0
283,트롯,2.0
283,정신,2.0
283,발라드,3.0
283,취향,2.0
284,보드,2.0
284,위정,2.0
284,기사,2.0
284,시기,2.0
284,행복,2.0
285,코로나,3.0
285,우울,2.0
285,마음,2.0
286,국민,2.0
286,십원,2.0
287,주요,2.0
287,주요뉴스,4.0
287,뉴스,2.0
287,사람,2.0
287,댓글,2.0
287,내가,2.0
287,축하,2.0
287,단하,2.0
287,시대,2.0
287,자신,2.0
287,이제,2.0
287,나이,2.0
287,하루,2.0
287,전세계,3.0
287,유명,2.0
287,아이,2.0
287,대한,2.0
287,대한민국,4.0
287,민국,2.0
287,완전,2.0
287,흥행,2.0
287,국가,2.0
287,너희,2.0
287,코로나,3.0
287,지도자,3.0
287,대한민국를,5.0
287,국를,2.0
287,국수,2.0
287,주라,2.0
287,화이팅,3.0
288,인간,2.0
288,대한,2.0
288,대한민국,4.0
288,민국,2.0
288,국민,2.0
288,쉬레,2.0
288,자랑,2.0
289,군면제,3.0
289,면제,2.0
290,축하,2.0
290,아미,2.0
290,아미분,3.0
291,언제,2.0
291,보드,2.0
291,저기,2.0
291,초딩생,3.0
291,놀이터,3.0
291,미국인,3.0
291,쟝르,2.0
291,다양,2.0
291,챠트,2.0
291,인기,2.0
291,작년,2.0
291,미국령,3.0
291,휴가,2.0
291,노래,2.0
291,나스,2.0
291,나스엑스,4.0
291,엑스,2.0
291,올드,2.0
291,운로드,3.0
291,로드,2.0
292,주둥이,3.0
292,애국,2.0
292,일본,2.0
292,일본차,3.0
292,정치인,3.0
293,경인,2.0
293,경인선가즈,5.0
293,선가,2.0
293,사모님,3.0
293,초청,2.0
293,파구,2.0
293,박장,2.0
293,박장대소,4.0
293,대소,2.0
293,하면서,3.0
293,초대,2.0
293,적폐,2.0
293,머리,2.0
294,한계,2.0
295,간에,2.0
295,청와대,3.0
295,자기,2.0
295,국위,2.0
295,양국,2.0
295,양국위선양선양,7.0
295,선양,2.0
295,자랑,2.0
295,한판,2.0
295,숟가락,3.0
295,선수,2.0
295,전부,2.0
295,박그네,3.0
295,그네,2.0
295,이명,2.0
295,이명박이,4.0
295,박이,2.0
295,신기,2.0
295,신기방기,4.0
295,방기,2.0
295,인간,2.0
296,강경,2.0
296,자리,2.0
297,우리,2.0
297,대한,2.0
297,대한민국,4.0
297,민국,2.0
297,대표,2.0
297,아티스트,4.0
297,아미,2.0
297,소식,2.0
297,최고,2.0
298,역사,2.0
298,최고,2.0
298,자랑,2.0
298,그대,2.0
298,청춘,2.0
298,페이지,3.0
298,영광,2.0
298,축하,2.0
299,미스,2.0
299,미스터,3.0
299,트롯,2.0
299,정치,2.0
299,실망,2.0
299,대한,2.0
299,대한민국,4.0
299,민국,2.0
299,응원,2.0
300,군면제면제,5.0
300,면제,2.0
300,누구,2.0
300,재앙,2.0
301,진정,2.0
301,민간,2.0
301,민간외교,4.0
301,외교,2.0
301,사절은,3.0
301,수천,2.0
301,수천억,3.0
301,전용기,3.0
301,굴욕,2.0
301,굴욕외교,4.0
301,그것,2.0
301,지름길,3.0
301,응원,2.0
302,자랑,2.0
302,국격,2.0
302,업그레이드,5.0
302,축하,2.0
303,문통,2.0
303,대한,2.0
303,대한민국,4.0
303,민국,2.0
304,짱임,2.0
304,최고,2.0
305,사실,2.0
305,대한,2.0
305,대한민국,4.0
305,대한민국인,5.0
305,민국,2.0
305,국뽕,2.0
306,계속,2.0
306,기록,2.0
306,갱신,2.0
306,보드,2.0
306,싱글,2.0
306,축하,2.0
306,레전드로,4.0
306,드로,2.0
306,주시,2.0
308,년만,2.0
308,국보,2.0
309,응원,2.0
309,자랑,2.0
309,사랑,2.0
311,자랑,2.0
312,추카추카,4.0
313,보드,2.0
313,핫백,2.0
313,축하,2.0
314,나의,2.0
314,아티스트,4.0
315,불과,2.0
315,년전,2.0
315,임지,2.0
315,하나,2.0
315,월드,2.0
315,월드스타,4.0
315,스타,2.0
315,언플,2.0
315,시절,2.0
315,실상,2.0
315,대한,2.0
315,대한민국,4.0
315,대한민국팬,5.0
315,민국,2.0
315,중복,2.0
315,중복투표,4.0
315,투표,2.0
315,희대,2.0
315,거품,2.0
315,소속,2.0
315,소속사가,4.0
315,사가,2.0
315,언플,2.0
315,한창,2.0
315,주가,2.0
315,최고,2.0
315,라가,2.0
315,통용,2.0
315,천만다행,4.0
315,생각,2.0
316,감격,2.0
317,단군,2.0
317,단군이래,4.0
317,이래,2.0
317,대한,2.0
317,대한민국,4.0
317,민국,2.0
317,최초,2.0
317,그것,2.0
317,해냈고,3.0
317,기록,2.0
317,절대,2.0
317,인생,2.0
318,시기,2.0
318,보드,2.0
318,위라니,3.0
318,라니,2.0
318,대한,2.0
318,대한민국,4.0
318,민국,2.0
318,음악,2.0
318,음악역사,4.0
318,역사,2.0
318,경사,2.0
319,아미,2.0
319,모두,2.0
319,축하,2.0
320,폭풍,2.0
320,폭풍눈물,4.0
320,눈물,2.0
320,노력,2.0
320,성장,2.0
320,아이콘,3.0
321,뉴스,2.0
321,매인,2.0
321,매인탑뉴스,5.0
321,개판,2.0
321,개판소식,4.0
321,소식,2.0
322,자랑,2.0
323,속보,2.0
323,소식,2.0
323,감격,2.0
323,최고,2.0
323,축하,2.0
323,너희,2.0
323,자랑,2.0
324,최고,2.0
324,대형,2.0
324,대형기획사때매,7.0
324,기획사,3.0
324,방송국,3.0
324,이번,2.0
324,팩트,2.0
325,국위,2.0
325,국위선양국위선양,8.0
325,선양,2.0
325,최고,2.0
325,병역,2.0
325,혜택,2.0
325,생각,2.0
326,최고,2.0
326,자랑,2.0
327,전국민,3.0
327,시기,2.0
327,역사적,3.0
327,기쁨,2.0
327,자랑,2.0
328,위대,2.0
328,대한,2.0
328,대한민국,4.0
328,민국,2.0
328,행보,2.0
328,실시간,3.0
328,전생,2.0
328,대한민국를,5.0
328,국를,2.0
328,조금,2.0
328,보태,2.0
328,백성,2.0
329,최고,2.0
329,승승장구,4.0
330,군면제,3.0
330,면제,2.0
330,국위,2.0
330,국위선양국위선양,8.0
330,선양,2.0
331,보드,2.0
331,핫백,2.0
331,정국,2.0
331,인생,2.0
331,제일,2.0
331,스펙,2.0
332,축하,2.0
332,최고,2.0
333,최고,2.0
333,노래,2.0
333,성적,2.0
333,중요,2.0
333,시기,2.0
333,위로,2.0
333,가사,2.0
333,전달,2.0
333,메세지,3.0
333,신중,2.0
333,고뇌,2.0
333,너희,2.0
333,진심,2.0
333,축하,2.0
333,제대,2.0
333,보답,2.0
333,수고,2.0
333,응원,2.0
333,음악,2.0
334,이제,2.0
334,그레,2.0
334,그레미,3.0
335,나의,2.0
335,여러분,3.0
335,아무,2.0
335,자연,2.0
336,감격,2.0
336,우리,2.0
336,대한,2.0
336,대한민국,4.0
336,민국,2.0
336,코로나,3.0
336,시기,2.0
337,새벽,2.0
337,감동,2.0
337,보드,2.0
337,위라니,3.0
337,라니,2.0
338,노래,2.0
338,시기,2.0
338,위로,2.0
338,행복,2.0
339,레벨,2.0
339,보드,2.0
339,축하,2.0
340,대한,2.0
340,대한민국,4.0
340,민국,2.0
340,세계,2.0
340,당신,2.0
340,자랑,2.0
341,아시아,3.0
341,보드,2.0
341,핫백,2.0
341,차트,2.0
341,최초,2.0
341,동시,2.0
341,진입,2.0
341,자랑,2.0
341,국민,2.0
341,국뽕,2.0
342,새꾸,2.0
342,자랑,2.0
343,캡짱,2.0
343,자랑,2.0
344,케이,2.0
344,케이팝,3.0
344,아이,2.0
344,아이돌,3.0
344,위주죠,3.0
344,주죠,2.0
344,장르,2.0
344,다양성,3.0
345,이젠,2.0
345,세계적,3.0
345,우리,2.0
345,대한,2.0
345,대한민국,4.0
345,민국,2.0
345,호들갑,3.0
345,정도,2.0
345,위상,2.0
345,자랑,2.0
347,시대,2.0
347,인물,2.0
347,대한,2.0
347,대한민국,4.0
347,민국,2.0
348,한민족,3.0
348,역사상,3.0
348,사상,2.0
348,최초,2.0
348,보드,2.0
348,싱글,2.0
348,위곡,2.0
349,최고,2.0
350,자랑,2.0
350,노래,2.0
350,수록,2.0
351,우리,2.0
351,대한,2.0
351,대한민국,4.0
351,민국,2.0
351,개판,2.0
352,자랑스럽군,5.0
353,보드,2.0
353,완전,2.0
353,국위,2.0
353,양국,2.0
353,양국위선양선양,7.0
353,선양,2.0
353,군면제,3.0
353,면제,2.0
354,문죄,2.0
354,문죄앙,3.0
354,숟가락,3.0
355,자랑,2.0
355,한글,2.0
355,한글가사,4.0
355,가사,2.0
355,세계적,3.0
355,대한,2.0
355,대한민국,4.0
355,민국,2.0
355,표현,2.0
355,모습,2.0
355,성공,2.0
355,축하,2.0
356,보드,2.0
356,메달,2.0
356,메달획득,4.0
356,획득,2.0
356,군면제,3.0
356,면제,2.0
357,진정,2.0
357,챠트,2.0
357,대한,2.0
357,대한민국,4.0
357,민국,2.0
357,정상,2.0
357,차지,2.0
358,단하,2.0
358,축하,2.0
359,문죄인,3.0
359,죄인,2.0
359,숟가락,3.0
359,마라,2.0
360,뉴키즈,3.0
360,키즈,2.0
360,블럭,2.0
361,세상,2.0
361,군면제,3.0
361,면제,2.0
361,안가,2.0
361,문제,2.0
361,참고,2.0
361,철원,2.0
361,철원군,3.0
361,갈말,2.0
361,갈말읍,3.0
361,근무,2.0
361,남자,2.0
362,최고,2.0
362,카디비,3.0
363,시기,2.0
363,기쁨,2.0
363,자랑,2.0
363,행복,2.0
363,축하,2.0
364,자랑,2.0
364,국내,2.0
364,때문,2.0
364,기분,2.0
365,위기,2.0
365,기회,2.0
365,안티,2.0
365,시국,2.0
365,보유국,3.0
365,자랑,2.0
366,문죄인,3.0
366,죄인,2.0
366,치적,2.0
367,아미,2.0
367,애미,2.0
367,국위선양국위,6.0
367,선양,2.0
367,국위,2.0
367,선양선양,4.0
367,아이,2.0
367,아이돌,3.0
367,응원,2.0
367,축하,2.0
368,거기,2.0
368,문씨,2.0
369,대한,2.0
369,대한민국,4.0
369,민국,2.0
369,위상,2.0
369,대통령,3.0
369,아이,2.0
369,아이돌이균,5.0
369,돌이,2.0
369,삼성,2.0
369,삼성전자,4.0
369,전자,2.0
369,자랑,2.0
370,여기,2.0
370,문재인,3.0
370,재인,2.0
370,숮가락,3.0
370,가락,2.0
370,마세,2.0
371,군면제,3.0
371,면제,2.0
371,계속,2.0
371,음악,2.0
371,주세,2.0
371,보드,2.0
371,시초,2.0
371,영향력,3.0
372,국위,2.0
372,국위선양국위선양,8.0
372,선양,2.0
372,군면제,3.0
372,면제,2.0
372,삼성,2.0
372,삼성오너일가,6.0
372,오너,2.0
372,일가,2.0
372,우리,2.0
372,대한,2.0
372,대한민국,4.0
372,민국,2.0
372,재벌,2.0
372,재벌기업,4.0
372,기업,2.0
372,우리,2.0
372,경제,2.0
372,위상,2.0
372,현대,2.0
372,기여,2.0
372,상업적,3.0
372,활동,2.0
372,활동임,3.0
372,올림픽,3.0
372,국가,2.0
372,국가대표,4.0
372,대표,2.0
372,자기,2.0
372,이름,2.0
372,국적,2.0
372,포상금,3.0
372,상금,2.0
372,제외,2.0
372,국대,2.0
372,비상,2.0
372,비상업적활동,6.0
372,업적,2.0
372,가슴팍,3.0
372,태극기,3.0
372,유니폼,3.0
372,다음,2.0
372,코리아,3.0
373,영향력,3.0
373,추카추카,4.0
374,나이,2.0
374,아저씨,3.0
374,딸내미,3.0
374,때문,2.0
374,노래,2.0
374,이랑,2.0
374,덕분,2.0
374,아이,2.0
374,아이돌,3.0
374,계기,2.0
375,집안,2.0
375,자랑,2.0
376,최고,2.0
376,만큼,2.0
376,군면제,3.0
376,면제,2.0
376,인정,2.0
378,마지막,3.0
378,문재인,3.0
378,재인,2.0
378,반감,2.0
379,반백,2.0
379,반백살,3.0
379,노래,2.0
380,역사이기도,5.0
380,사이,2.0
380,기도,2.0
380,역사,2.0
380,의미,2.0
381,단합,2.0
381,존경,2.0
381,자랑,2.0
381,최고,2.0
381,축하,2.0
381,축하해,3.0
381,때문,2.0
381,코로나,3.0
381,요즘,2.0
381,노래,2.0
381,덕분,2.0
381,앨범,2.0
381,음악적,3.0
381,행보,2.0
381,행보기대,4.0
381,기대,2.0
381,응원,2.0
382,군면제,3.0
382,면제,2.0
382,안해,2.0
382,안해주면,4.0
382,주면,2.0
382,잘못,2.0
383,남자,2.0
383,공부,2.0
383,소린지,3.0
383,린지,2.0
383,가사,2.0
383,영어,2.0
383,영어라,3.0
383,노래,2.0
383,개인적,3.0
383,블랙,2.0
383,블랙핑크,4.0
383,핑크,2.0
383,발표,2.0
384,우울,2.0
384,시대,2.0
384,햇살,2.0
384,보약,2.0
384,쾌거,2.0
384,너희,2.0
384,최고,2.0
384,문화,2.0
384,문화외교관,5.0
384,외교관,3.0
385,문재인,3.0
385,재인,2.0
386,최고,2.0
386,자랑,2.0
386,생시,2.0
386,가능,2.0
386,기록,2.0
386,역사,2.0
386,아미,2.0
386,축하,2.0
387,군면제,3.0
387,면제,2.0
387,적극,2.0
387,찬성,2.0
387,국위,2.0
387,국위선양국위선양,8.0
387,선양,2.0
388,문씨,2.0
388,숟가락,3.0
389,군면제,3.0
389,면제,2.0
390,카디비,3.0
391,자랑,2.0
391,코로나,3.0
391,코로나때문,5.0
391,때문,2.0
391,요즘,2.0
391,화이팅되,4.0
391,소식,2.0
391,대한,2.0
391,대한민국,4.0
391,민국,2.0
391,소녀단,3.0
391,음악,2.0
391,보드,2.0
391,보드차트,4.0
391,차트,2.0
391,축하,2.0
392,재앙,2.0
392,숟가락,3.0
393,문재앙,3.0
393,재앙,2.0
393,련아,2.0
393,숟가락,3.0
394,최고,2.0
394,군면제,3.0
394,면제,2.0
394,해주고,3.0
394,주고,2.0
394,정부,2.0
394,문화,2.0
394,문화훈장,4.0
394,훈장,2.0
394,멤버,2.0
396,국위,2.0
396,양국,2.0
396,양국위선양선양,7.0
396,선양,2.0
397,자랑,2.0
397,코로나,3.0
397,코로나위기,5.0
397,위기,2.0
397,대응,2.0
397,능력,2.0
397,세계적,3.0
397,대한,2.0
397,대한민국,4.0
397,민국,2.0
397,다이,2.0
397,마이트,3.0
397,음악,2.0
397,요즘,2.0
397,우울,2.0
397,시기,2.0
397,위로,2.0
397,영원,2.0
398,재수,2.0
398,숟가락,3.0
399,자랑,2.0
400,불쌍,2.0
400,정체,2.0
400,조현,2.0
400,조현병,3.0
401,문대통령,4.0
401,대통령,3.0
401,편승,2.0
401,안했어도,4.0
401,했어도,3.0
401,대한,2.0
401,대한민국,4.0
401,민국,2.0
403,데뷔,2.0
403,데뷔때,3.0
403,이름,2.0
403,이름때문,4.0
403,때문,2.0
403,여기저기,4.0
403,놀림,2.0
403,이제,2.0
403,실력,2.0
403,세계,2.0
403,뮤지션,3.0
403,대형,2.0
403,기획사,3.0
403,회사,2.0
403,지원,2.0
403,꽃길,2.0
404,군면제,3.0
404,면제,2.0
405,자랑,2.0
405,대한,2.0
405,대한민국,4.0
405,대한민국인,5.0
405,민국,2.0
405,사람,2.0
405,우리,2.0
405,관심을,3.0
405,축하,2.0
406,요즘,2.0
406,울대,2.0
406,대한,2.0
406,대한민국,4.0
406,민국,2.0
406,소식,2.0
406,최고,2.0
406,축하,2.0
407,문재앙,3.0
407,재앙,2.0
408,기사,2.0
408,메인,2.0
408,한번,2.0
408,댓글,2.0
408,축하,2.0
408,고생,2.0
408,행복,2.0
408,부담,2.0
408,해주라,3.0
408,주라,2.0
409,자랑,2.0
410,자랑,2.0
412,재앙,2.0
412,인기,2.0
412,목적,2.0
412,자리,2.0
412,졸개,2.0
413,끝물,2.0
413,이거,2.0
413,생각,2.0
414,국위,2.0
414,국위선양국위선양,8.0
414,선양,2.0
414,때문,2.0
414,파생,2.0
414,경제,2.0
414,경제효과,4.0
414,효과,2.0
414,군면제,3.0
414,면제,2.0
414,가야,2.0
414,국내,2.0
414,판소리,3.0
414,무용,2.0
414,콩쿨,2.0
414,콩쿨등,3.0
414,시민,2.0
414,국내대회,4.0
414,대회,2.0
414,등하면,3.0
414,하면,2.0
414,희안,2.0
414,대한,2.0
414,대한민국,4.0
414,민국,2.0
414,대한민국야,5.0
415,테러,2.0
416,마지막,3.0
417,기분,2.0
417,친구,2.0
417,엄마,2.0
417,아빠,2.0
417,찬스,2.0
417,피땀,2.0
417,노력,2.0
417,영광,2.0
417,누구,2.0
418,문재,2.0
418,문재인아,4.0
418,인아,2.0
418,그거,2.0
418,신경,2.0
418,겨를,2.0
419,거기,2.0
420,군면제,3.0
420,면제,2.0
420,하나,2.0
421,청와,2.0
421,마라,2.0
421,부정,2.0
422,보드,2.0
422,핫백,2.0
422,진심,2.0
422,축하,2.0
423,자랑,2.0
424,문제,2.0
424,문제인,3.0
425,하루,2.0
425,축하,2.0
425,축하해,3.0
425,아미,2.0
426,사랑,2.0
426,노력,2.0
426,감사,2.0
426,역사가,3.0
426,시기,2.0
426,정치,2.0
426,등에,2.0
426,가지,2.0
427,자랑,2.0
428,최고,2.0
428,딩시절,3.0
428,시절,2.0
428,보드,2.0
428,보드차트,4.0
428,차트,2.0
428,노래,2.0
428,상상,2.0
428,축하,2.0
429,축하,2.0
430,단하,2.0
431,보드,2.0
431,축하,2.0
431,여기,2.0
431,수고,2.0
431,노래,2.0
432,최고,2.0
432,물건,2.0
432,인정,2.0
433,훈련,2.0
433,훈련소,3.0
433,기초,2.0
433,기초군사훈련,6.0
433,군사,2.0
433,대한,2.0
433,대한민국,4.0
433,민국,2.0
433,군인,2.0
433,홍보,2.0
433,홍보대사,4.0
433,대사,2.0
433,지금,2.0
433,전세계,3.0
433,활동,2.0
433,시국,2.0
433,국위,2.0
433,양국,2.0
433,양국위선양선양,7.0
433,선양,2.0
433,파이,2.0
433,파이팅,3.0
433,축하,2.0
434,외국,2.0
434,사람,2.0
434,음원,2.0
434,덤핑,2.0
434,대체,2.0
434,개버전,3.0
434,버전,2.0
434,가격,2.0
434,해외,2.0
435,일본,2.0
435,중국,2.0
435,오늘,2.0
435,문통,2.0
435,겸손,2.0
436,최고,2.0
436,위라니,3.0
436,라니,2.0
436,케이,2.0
436,케이팝,3.0
436,그룹,2.0
437,국위선양국위,6.0
437,위선,2.0
437,양국,2.0
437,선양,2.0
437,선양선양,4.0
437,감사,2.0
438,전성기,3.0
438,이유,2.0
438,빅뱅,2.0
438,잘만,2.0
438,인기,2.0
438,활동,2.0
438,활동시기,4.0
438,시기,2.0
438,유튜브,3.0
438,튜브,2.0
438,활성화,3.0
438,인터넷,3.0
438,인터넷공급,5.0
438,공급,2.0
438,시작,2.0
440,이번,2.0
440,다이너마이트,6.0
440,최고,2.0
440,잘뽑앗더라,5.0
441,의식,2.0
441,젊은이,3.0
441,진정,2.0
441,국가,2.0
441,국가대표,4.0
441,대표,2.0
441,대한,2.0
441,대한민국,4.0
441,민국,2.0
442,자랑,2.0
443,멋지네,3.0
443,지네,2.0
444,정도,2.0
444,군면제,3.0
444,면제,2.0
444,외국,2.0
444,대한,2.0
444,대한민국,4.0
444,민국,2.0
444,메이커,3.0
445,최고,2.0
445,군필,2.0
445,내가,2.0
445,군면제,3.0
445,면제,2.0
445,연기,2.0
445,최소,2.0
445,올림픽,3.0
445,점수,2.0
445,기간,2.0
445,기간동안,4.0
445,동안,2.0
445,수익금,3.0
445,문화,2.0
445,예술,2.0
445,예술쪽,3.0
445,세금,2.0
446,철수,2.0
446,철수형님,4.0
446,형님,2.0
446,모형,2.0
446,한잔,2.0
447,올림픽,3.0
447,아시안,3.0
447,아시안게임금메달,8.0
447,게임,2.0
447,금메달,3.0
447,병역,2.0
447,병역면제,4.0
447,면제,2.0
447,비교,2.0
447,미국,2.0
447,열광,2.0
447,음악,2.0
447,문화,2.0
447,과거,2.0
447,꿈애,2.0
447,생각,2.0
447,대한,2.0
447,대한민국,4.0
447,민국,2.0
447,문화적,3.0
447,위상,2.0
447,단계,2.0
447,파급,2.0
447,고민,2.0
447,복무,2.0
447,음악활동,4.0
447,활동,2.0
447,대체,2.0
447,반대,2.0
448,최고,2.0
448,주작,2.0
449,콩쿨,2.0
449,우승,2.0
449,군면제,3.0
449,면제,2.0
449,역사,2.0
449,기록,2.0
449,달성,2.0
449,얘네,2.0
449,대중,2.0
449,대중가요,4.0
449,가요,2.0
449,클래식,3.0
449,음악적,3.0
449,예술,2.0
449,최고,2.0
449,국위,2.0
449,국위선양국위선양,8.0
449,선양,2.0
449,멤버,2.0
449,가게,2.0
449,완전체,3.0
449,활동,2.0
449,국가적,3.0
449,손실,2.0
449,국위선양국위,6.0
449,위선,2.0
449,양국,2.0
449,선양선양,4.0
449,목적,2.0
449,군면제인거잖,6.0
449,성장,2.0
449,대한,2.0
449,대한민국,4.0
449,민국,2.0
449,일조,2.0
449,영향,2.0
449,손해,2.0
450,군면제,3.0
450,면제,2.0
450,국가,2.0
450,국가위상,4.0
450,위상,2.0
451,대한,2.0
451,대한민국,4.0
451,민국,2.0
451,최고,2.0
452,막내딸,3.0
452,멤버,2.0
452,이름,2.0
452,대형,2.0
452,대형브로마이드,7.0
452,브로마이드,5.0
452,오랫만,3.0
452,소식,2.0
452,공인,2.0
452,모습,2.0
453,노래,2.0
453,완전,2.0
453,인데,2.0
454,군면제,3.0
454,면제,2.0
454,해라,2.0
454,올림픽,3.0
454,금메달,3.0
454,가치,2.0
455,군면제,3.0
455,면제,2.0
455,스리,2.0
455,마라,2.0
455,평등,2.0
455,사회,2.0
457,군면제,3.0
457,면제,2.0
457,걱정,2.0
457,유닛,2.0
457,활동,2.0
457,앨범,2.0
457,히트,2.0
457,히트침,3.0
458,차트,2.0
458,어디,2.0
458,거지,2.0
458,보드,2.0
458,핫차트,3.0
458,사람,2.0
459,우리,2.0
459,대한,2.0
459,대한민국,4.0
459,민국,2.0
459,보드,2.0
459,보드핫백,4.0
459,앨범,2.0
459,앨범차트,4.0
459,차트,2.0
459,위도,2.0
459,동시대,3.0
459,단하,2.0
459,최고,2.0
460,최애,2.0
460,그룹,2.0
460,신곡,2.0
460,축하,2.0
462,정치,2.0
462,정치외교,4.0
462,외교,2.0
462,문화,2.0
462,문화외교가,5.0
462,외교가,3.0
462,다이,2.0
462,마이트,3.0
462,축하,2.0
462,영국,2.0
462,응원,2.0
463,그룹,2.0
463,노래,2.0
463,축하,2.0
464,보드,2.0
464,지붕,2.0
464,문씨,2.0
464,숟가락,3.0
465,축하,2.0
466,보드,2.0
466,위라니,3.0
466,라니,2.0
467,감격,2.0
468,정도,2.0
468,군면제사유,5.0
468,면제,2.0
468,사유,2.0
469,국뽕차,3.0
469,대한,2.0
469,대한민국,4.0
469,대한민국인,5.0
469,민국,2.0
469,미국,2.0
469,보드,2.0
469,그것,2.0
469,싱글,2.0
469,싱글차트,4.0
469,차트,2.0
469,위라니,3.0
469,라니,2.0
469,최고,2.0
470,육군,2.0
470,현역,2.0
470,군면제,3.0
470,면제,2.0
470,공백,2.0
470,국가,2.0
470,경제적,3.0
470,손실,2.0
470,코로나,3.0
470,외국,2.0
470,관광객,3.0
471,이가,2.0
471,최고,2.0
471,다음,2.0
471,대한,2.0
471,대한민국,4.0
471,민국,2.0
471,가사,2.0
472,이기,2.0
472,이기세가,4.0
472,세가,2.0
472,군면제면제,5.0
472,면제,2.0
473,코로나,3.0
473,언론,2.0
473,언론쓰레기,5.0
473,쓰레기,3.0
474,축하,2.0
475,아티스트,4.0
475,음악성,3.0
475,대중성,3.0
475,팬덤,2.0
475,화력,2.0
475,지금,2.0
475,미국,2.0
475,명곡,2.0
475,보드,2.0
475,보드차트,4.0
475,차트,2.0
475,인정,2.0
475,명예,2.0
475,정도,2.0
475,우리,2.0
475,대한,2.0
475,대한민국,4.0
475,민국,2.0
475,멜론,2.0
475,멜론차트,4.0
475,대중,2.0
475,등하,2.0
475,시대,2.0
475,의미,2.0
475,보드도,3.0
475,걱정,2.0
475,다행,2.0
475,멤버,2.0
475,자만,2.0
475,위버스,3.0
475,버스,2.0
475,겸손,2.0
475,김석진,3.0
475,사랑,2.0
476,축하,2.0
476,우리,2.0
478,자랑,2.0
478,요즘,2.0
478,내가,2.0
478,때문,2.0
478,힐링,2.0
479,축하,2.0
480,너희,2.0
480,최고,2.0
480,시대,2.0
480,애국자,3.0
480,국위선양국위,6.0
480,선양,2.0
480,국위,2.0
480,선양선양,4.0
480,물론,2.0
480,경제,2.0
480,경제효과,4.0
480,효과,2.0
480,코로나,3.0
480,소식,2.0
480,하나,2.0
480,대한,2.0
480,대한민국,4.0
480,민국,2.0
480,희망,2.0
480,개인적,3.0
480,생각,2.0
480,군면제찬성,5.0
480,면제,2.0
480,찬성,2.0
481,보드,2.0
481,싱글,2.0
481,싱글차트,4.0
481,차트,2.0
481,그룹,2.0
481,그룹차트,4.0
481,의미,2.0
482,병역,2.0
482,병역면제,4.0
482,면제,2.0
482,대통령령,4.0
483,최고,2.0
483,리스,2.0
483,리스펙,3.0
483,영원,2.0
483,바래요,3.0
483,래요,2.0
484,단하,2.0
484,최고,2.0
485,자랑,2.0
485,보드,2.0
485,진출,2.0
485,선구자,3.0
485,역할,2.0
486,최고,2.0
487,세계,2.0
487,세계음악시장,6.0
487,음악,2.0
487,시장,2.0
487,주도,2.0
487,미국,2.0
487,영국,2.0
487,일본,2.0
487,개챠트,3.0
487,영향력,3.0
487,존경,2.0
487,보유,2.0
487,우리,2.0
487,대한,2.0
487,대한민국,4.0
487,민국,2.0
487,자랑,2.0
487,막내,2.0
487,정국,2.0
487,정국군,3.0
487,생일,2.0
487,축하,2.0
488,노래,2.0
488,좋가,2.0
489,축하,2.0
490,국위선양국위,6.0
490,위선,2.0
490,양국,2.0
490,선양,2.0
490,선양선양,4.0
490,친구,2.0
490,병역,2.0
490,병역면제,4.0
490,면제,2.0
491,이랑,2.0
491,비교,2.0
492,축하,2.0
492,기록,2.0
493,대한,2.0
493,대한민국,4.0
493,민국,2.0
493,다음,2.0
493,다음기회,4.0
493,기회,2.0
494,축하,2.0
494,최고,2.0
495,군면제,3.0
495,면제,2.0
495,올림픽,3.0
496,형평,2.0
496,문제,2.0
496,군면제,3.0
496,면제,2.0
496,나중,2.0
496,공익,2.0
496,복무,2.0
496,지금,2.0
496,최고,2.0
496,바다,2.0
497,축하,2.0
498,진정,2.0
498,국위선양국위,6.0
498,위선,2.0
498,양국,2.0
498,선양,2.0
498,선양선양,4.0
498,자랑,2.0
499,군면제,3.0
499,면제,2.0
500,축하,2.0
500,축하해,3.0
501,국위선양국위,6.0
501,위선,2.0
501,양국,2.0
501,선양,2.0
501,선양선양,4.0
501,군면제,3.0
501,면제,2.0
501,해주자,3.0
501,주자,2.0
502,축하,2.0
502,시간,2.0
503,최고,2.0
504,재앙,2.0
504,지지율,3.0
504,청와대,3.0
504,오라,2.0
505,군면제면제,5.0
505,면제,2.0
505,최고,2.0
506,아미,2.0
506,축하,2.0
507,이번,2.0
507,노래,2.0
507,역쉬,2.0
507,축하,2.0
508,최고,2.0
508,정도,2.0
508,군면제,3.0
508,면제,2.0
508,금메달,3.0
508,금메달리스트,6.0
508,리스트,3.0
508,대한,2.0
508,대한민국,4.0
508,민국,2.0
508,국위,2.0
508,국위선양국위선양,8.0
508,선양,2.0
508,배우기,3.0
508,이유,2.0
509,축하,2.0
510,자랑,2.0
510,노력,2.0
510,공정,2.0
510,정의,2.0
510,중요,2.0
510,시민,2.0
510,시민단체,4.0
510,단체,2.0
510,추천,2.0
510,멤버,2.0
510,선정,2.0
511,축하,2.0
512,군면제,3.0
512,면제,2.0
513,면제,2.0
513,면제가지마라,6.0
513,가지,2.0
513,마라,2.0
513,계속,2.0
513,방시,2.0
513,방시혁,3.0
514,군면제,3.0
514,면제,2.0
514,말구,2.0
514,대한,2.0
514,대한민국,4.0
514,민국,2.0
514,대한민국를위,6.0
514,를위,2.0
514,부채,2.0
514,자랑,2.0
515,보드,2.0
515,다운,2.0
515,시절,2.0
515,대한,2.0
515,대한민국,4.0
515,민국,2.0
516,세계,2.0
516,활동,2.0
517,축하,2.0
517,축하해,3.0
517,눈물,2.0
517,결과,2.0
517,수고,2.0
517,고생,2.0
517,사랑,2.0
518,마해라,3.0
518,해라,2.0
518,비들,2.0
518,시국,2.0
521,간만,2.0
521,소식,2.0
522,자리,2.0
522,실력,2.0
523,우리,2.0
523,대한,2.0
523,대한민국,4.0
523,민국,2.0
523,자랑,2.0
524,자랑,2.0
525,노력,2.0
525,실력,2.0
525,결과,2.0
525,니들,2.0
525,선배,2.0
525,뻘짖,2.0
525,뻘짖거리,4.0
525,거리,2.0
525,여자,2.0
525,조심,2.0
525,하거,2.0
526,군면제,3.0
526,면제,2.0
526,독도,2.0
526,독도경비대,5.0
526,경비대,3.0
526,독도홍보,4.0
526,홍보,2.0
526,일본도,3.0
526,즈그땅,3.0
526,하긋,2.0
527,녀석,2.0
527,대한,2.0
527,대한민국,4.0
527,대한민국어로,6.0
527,민국,2.0
527,어로,2.0
527,영어,2.0
527,변절자,3.0
528,와우,2.0
528,노래,2.0
528,본적,2.0
529,군면제,3.0
529,면제,2.0
529,마라,2.0
530,성과,2.0
530,자랑,2.0
530,축하,2.0
531,최고,2.0
531,이것,2.0
531,한류,2.0
531,자랑,2.0
532,최고,2.0
532,단하,2.0
532,단하디,3.0
532,아미,2.0
532,계속,2.0
532,역사,2.0
532,우리,2.0
533,진심,2.0
533,최고,2.0
533,노력,2.0
533,축하,2.0
534,청와대,3.0
534,이거,2.0
534,정치적,3.0
534,이용,2.0
534,마라,2.0
535,대한,2.0
535,대한민국,4.0
535,민국,2.0
535,영화,2.0
535,아카데미,4.0
535,작품,2.0
535,보드,2.0
536,영어,2.0
536,의미,2.0
536,반감,2.0
537,최고,2.0
538,군면제,3.0
538,면제,2.0
538,이만큼,3.0
538,국위,2.0
538,국위선양국위선양,8.0
538,선양,2.0
539,군면제,3.0
539,면제,2.0
539,올림픽,3.0
539,금메달,3.0
539,부족,2.0
540,댓글,2.0
540,가능,2.0
540,시사,2.0
540,시사뉴스,4.0
540,뉴스,2.0
542,핫백,2.0
542,위라니,3.0
542,라니,2.0
542,축하,2.0
543,아미,2.0
543,가슴,2.0
545,얘네들,3.0
545,보드,2.0
545,미국,2.0
545,탑스타,3.0
545,스타,2.0
545,동급,2.0
545,백스트리트,5.0
545,스트리트,4.0
545,보이스,3.0
545,브리트,3.0
545,스피어스,4.0
545,블랙,2.0
545,블랙아이,4.0
545,아이,2.0
545,피스,2.0
546,위라니,3.0
546,라니,2.0
547,군면제,3.0
547,면제,2.0
547,훈련,2.0
547,훈련소,3.0
547,기초,2.0
547,기초군사훈련,6.0
547,군사,2.0
547,대한,2.0
547,대한민국,4.0
547,민국,2.0
547,군인,2.0
547,홍보,2.0
547,홍보대사,4.0
547,대사,2.0
547,지금,2.0
547,전세계,3.0
547,활동,2.0
547,시국,2.0
547,국위,2.0
547,양국,2.0
547,양국위선양선양,7.0
547,선양,2.0
547,파이,2.0
547,파이팅,3.0
547,축하,2.0
548,동시대,3.0
548,국적,2.0
548,아미,2.0
548,영광,2.0
548,행복,2.0
548,우리,2.0
548,대한,2.0
548,대한민국,4.0
548,민국,2.0
548,전세계,3.0
548,보물,2.0
548,축하,2.0
549,유명,2.0
549,유명하다,4.0
549,하다,2.0
549,노래,2.0
549,참고,2.0
549,중반,2.0
549,미스터,3.0
549,미스터트롯,5.0
549,트롯,2.0
549,유행,2.0
549,대중성,3.0
549,세계,2.0
549,아이러니,4.0
549,아이러니하다,6.0
550,군면제,3.0
550,면제,2.0
550,얘내들,3.0
551,우리,2.0
551,해냈습니다,5.0
551,자랑,2.0
552,위라니,3.0
552,라니,2.0
552,축하,2.0
553,비틀즈,3.0
553,최고,2.0
553,독보적,3.0
553,축하,2.0
554,최고,2.0
554,기록,2.0
555,노래,2.0
555,희망,2.0
555,중독성,3.0
555,팅하세,3.0
555,하세,2.0
556,손발,2.0
556,다음,2.0
556,다음주면,4.0
556,주면,2.0
556,아미,2.0
557,축하,2.0
557,이번,2.0
557,주말,2.0
558,자랑,2.0
558,고생,2.0
559,코로나,3.0
559,코로나시국,5.0
559,시국,2.0
559,우리,2.0
560,최고,2.0
560,대한,2.0
560,대한민국,4.0
560,민국,2.0
560,미래,2.0
560,생각,2.0
560,군면제,3.0
560,면제,2.0
561,정치인,3.0
561,국민,2.0
561,자랑,2.0
561,친구,2.0
561,병역,2.0
561,군면제,3.0
561,면제,2.0
561,필요,2.0
561,지디,2.0
561,동기,2.0
561,도촬당,3.0
561,보호,2.0
562,군면제,3.0
562,면제,2.0
562,하지,2.0
562,말기,2.0
563,강남,2.0
563,강남스타윌,5.0
563,스타,2.0
563,대장,2.0
563,대장주,3.0
563,디피,2.0
563,디피씨,3.0
564,최고,2.0
564,친구,2.0
565,군면제,3.0
565,면제,2.0
566,자랑,2.0
566,우리,2.0
566,대한,2.0
566,대한민국,4.0
566,민국,2.0
566,축하,2.0
567,최고,2.0
567,군면제,3.0
567,면제,2.0
567,해주자,3.0
567,주자,2.0
567,지금,2.0
567,시기,2.0
567,국위,2.0
567,국위선양국위선양,8.0
567,선양,2.0
569,소향,2.0
569,콘서트,3.0
570,우리,2.0
570,축하,2.0
571,대한,2.0
571,대한민국,4.0
571,민국,2.0
571,축하,2.0
572,국뽕,2.0
572,만세,2.0
572,경사,2.0
572,경사낫,3.0
573,게이,2.0
574,이것,2.0
574,최고,2.0
574,위라니,3.0
574,라니,2.0
574,역사,2.0
574,보이,2.0
574,보이밴드,4.0
574,밴드,2.0
574,거쟈,2.0
574,원디렉션,4.0
574,위못,2.0
574,하다,2.0
574,축하,2.0
575,역사책,3.0
575,사건,2.0
575,서양인,3.0
575,동양인,3.0
575,유사,2.0
575,유사이래,4.0
575,이래,2.0
575,처음,2.0
576,이제,2.0
576,시작,2.0
576,느낌,2.0
576,축하,2.0
576,축하새,3.0
577,최단,2.0
577,최초,2.0
577,수식어,3.0
577,하면,2.0
577,그룹,2.0
577,그룹임,3.0
577,사람,2.0
577,그릇,2.0
577,다음,2.0
577,다음성적,4.0
577,성적,2.0
578,와우,2.0
578,추카해,3.0
578,자랑,2.0
581,축하,2.0
582,요즘,2.0
582,최고,2.0
582,핵인정,3.0
582,인정,2.0
582,자랑,2.0
583,축하,2.0
584,우리,2.0
584,대한,2.0
584,대한민국,4.0
584,민국,2.0
584,역사,2.0
584,시기,2.0
584,단비,2.0
584,자랑,2.0
585,군면제,3.0
585,면제,2.0
585,국위선양국위,6.0
585,위선,2.0
585,양국,2.0
585,선양,2.0
585,선양선양,4.0
585,했잖,2.0
585,했잖야,3.0
586,기사도,3.0
587,하루,2.0
587,하루종일,4.0
587,종일,2.0
587,지리,2.0
588,문재인,3.0
588,재인,2.0
588,대통령,3.0
589,눈물,2.0
589,마지막,3.0
589,구한,2.0
589,구한테,3.0
589,관련,2.0
589,음모,2.0
590,최고,2.0
590,대한,2.0
590,대한민국,4.0
590,민국,2.0
590,가요계,3.0
590,전세계,3.0
590,세계,2.0
590,역사,2.0
591,관련주,3.0
591,상한가,3.0
591,최고,2.0
593,문재인,3.0
593,재인,2.0
593,정부,2.0
593,대한,2.0
593,대한민국,4.0
593,민국,2.0
593,문화,2.0
593,융성,2.0
593,이제,2.0
593,아이,2.0
593,아이돌,3.0
593,비틀즈,3.0
593,진심,2.0
593,축하,2.0
593,응원,2.0
594,하루,2.0
594,하루종일,4.0
594,종일,2.0
594,메인,2.0
594,메인뉴스,4.0
594,뉴스,2.0
594,위치,2.0
594,소식,2.0
595,오랜만,3.0
595,뉴스,2.0
596,시대,2.0
596,대한,2.0
596,대한민국,4.0
596,대한민국인,5.0
596,민국,2.0
596,영광,2.0
596,정도,2.0
596,군면제,3.0
596,면제,2.0
596,필요,2.0
596,필요하다,4.0
596,하다,2.0
596,생각,2.0
596,본인,2.0
596,의사,2.0
596,중요,2.0
597,요즘,2.0
597,코로나,3.0
597,우울,2.0
597,덕분,2.0
597,어깨,2.0
597,퐉퐉,2.0
598,월드컵,3.0
598,우승,2.0
598,거잖,2.0
599,실화,2.0
599,보드,2.0
599,위라니,3.0
599,라니,2.0
599,볼일,2.0
599,세상,2.0
600,보드,2.0
600,축하,2.0
600,축하해,3.0
600,그동안,3.0
600,고생,2.0
600,주길,2.0
600,바래요,3.0
600,래요,2.0
600,행복,2.0
602,축하,2.0
602,보드,2.0
602,듣기,2.0
602,시기,2.0
602,행복,2.0
603,댓글,2.0
604,보드,2.0
604,우리,2.0
604,대한,2.0
604,대한민국,4.0
604,민국,2.0
604,눈물,2.0
604,노력,2.0
604,주시,2.0
604,감사,2.0
604,응원,2.0
604,팬분,2.0
604,저희,2.0
604,자랑,2.0
604,아티스트,4.0
605,최고,2.0
605,자랑,2.0
605,힘내,2.0
605,영원,2.0
605,아티스트,4.0
605,우리,2.0
606,보드,2.0
606,메인,2.0
606,메인싱글,4.0
606,싱글,2.0
606,대한,2.0
606,대한민국,4.0
606,민국,2.0
606,축하,2.0
606,축하축하,4.0
606,자랑,2.0
606,고고,2.0
607,보드,2.0
607,누구,2.0
607,순위,2.0
607,정도로,3.0
607,도로,2.0
607,매니아,3.0
607,멜론,2.0
607,줄세우,3.0
607,세우,2.0
607,차트,2.0
607,예전,2.0
607,싱글,2.0
607,발매,2.0
607,느낌,2.0
607,축하,2.0
608,자랑,2.0
609,최고,2.0
609,사고,2.0
609,축하,2.0
611,우리,2.0
611,아미,2.0
611,아미님,3.0
611,축하,2.0
611,사랑,2.0
612,축하,2.0
613,최고,2.0
613,축하,2.0
614,대한,2.0
614,대한민국,4.0
614,민국,2.0
614,전세계,3.0
614,자랑,2.0
614,응원,2.0
616,미제,2.0
616,유일,2.0
616,칭찬,2.0
616,국뽕,2.0
616,필요,2.0
617,자랑,2.0
618,국내,2.0
618,아이,2.0
618,아이돌,3.0
618,감흥,2.0
618,축하,2.0
619,문재앙,3.0
619,재앙,2.0
619,숟가락,3.0
620,최고,2.0
620,자랑,2.0
620,사람,2.0
620,대한,2.0
620,대한민국,4.0
620,민국,2.0
620,케이,2.0
620,케이팝,3.0
620,세계적,3.0
620,열광,2.0
620,생각,2.0
621,인생,2.0
621,우리,2.0
621,보드,2.0
621,보드싱글,4.0
621,싱글,2.0
622,최고,2.0
622,최고최고,4.0
622,아침,2.0
622,축하,2.0
623,최고,2.0
623,축하,2.0
623,국가,2.0
623,국가대표급,5.0
623,대표,2.0
623,세계,2.0
623,일위,2.0
624,과일,2.0
625,다이너마이트,6.0
625,아침,2.0
625,출근길,3.0
625,최고,2.0
625,노래,2.0
626,축하,2.0
627,군면제,3.0
627,면제,2.0
627,국가적,3.0
627,손해지,3.0
627,해지,2.0
627,국가,2.0
627,국가차원,4.0
627,차원,2.0
627,기본적,3.0
627,교육,2.0
627,교육후,3.0
627,국제적,3.0
627,활동,2.0
627,국민,2.0
627,위해,2.0
627,세계,2.0
627,젊은이,3.0
627,선처,2.0
627,우리,2.0
627,대한,2.0
627,대한민국,4.0
627,민국,2.0
627,아들,2.0
627,부모,2.0
627,생각,2.0
627,가요,2.0
628,단군,2.0
628,단군이래,4.0
628,이래,2.0
628,대한,2.0
628,대한민국,4.0
628,민국,2.0
628,제일,2.0
628,제일영웅,4.0
628,영웅,2.0
629,축하,2.0
630,군면제,3.0
630,면제,2.0
631,정도,2.0
631,전원,2.0
631,군면제,3.0
631,면제,2.0
632,국위선양국위,6.0
632,위선,2.0
632,양국,2.0
632,선양,2.0
632,선양선양,4.0
632,이후,2.0
632,이름,2.0
632,히트곡,3.0
632,모름,2.0
632,한명,2.0
632,최근,2.0
632,최근노래,4.0
632,노래,2.0
632,박진영,3.0
632,진영,2.0
632,디스코,3.0
632,친구,2.0
632,하나,2.0
632,국내,2.0
632,중장년,3.0
632,장년,2.0
632,히트,2.0
632,전국민,3.0
633,축하,2.0
634,문재인,3.0
634,재인,2.0
634,점심,2.0
634,먹자,2.0
635,우리,2.0
635,한번,2.0
635,역사,2.0
635,자랑,2.0
636,문재인,3.0
636,재인,2.0
636,축하,2.0
636,청와대,3.0
636,초청,2.0
638,디피씨,3.0
638,날리,2.0
639,대한,2.0
639,대한민국,4.0
639,민국,2.0
639,자랑,2.0
640,최고,2.0
640,부족,2.0
640,축하,2.0
640,다이,2.0
640,마이트,3.0
640,보드,2.0
640,무지,2.0
641,자랑,2.0
641,어려움,3.0
641,하다,2.0
641,사랑,2.0
641,정국,2.0
641,생일,2.0
641,축하,2.0
641,태어나줘,4.0
642,축하,2.0
642,사랑,2.0
643,축하,2.0
643,자랑,2.0
643,최고,2.0
644,대한,2.0
644,대한민국,4.0
644,민국,2.0
644,최초,2.0
644,아시아,3.0
644,노래,2.0
644,자랑,2.0
645,전세계,3.0
645,현존,2.0
645,그룹,2.0
645,영향력,3.0
645,우리집,3.0
645,자랑,2.0
645,축하,2.0
645,세계,2.0
645,위라니,3.0
645,라니,2.0
645,최고,2.0
645,실화,2.0
646,사랑,2.0
646,우리,2.0
646,군면제,3.0
646,면제,2.0
646,청와대,3.0
646,청원넣줘,4.0
647,정도,2.0
647,군면제,3.0
647,면제,2.0
647,국가,2.0
647,국가적인,4.0
647,적인,2.0
647,이득,2.0
648,보드,2.0
648,정상,2.0
648,대한,2.0
648,대한민국,4.0
648,민국,2.0
648,아시아인,4.0
648,최초,2.0
648,이번,2.0
648,최고,2.0
648,축하,2.0
649,우리,2.0
649,대한,2.0
649,대한민국,4.0
649,민국,2.0
649,위상,2.0
649,애국,2.0
649,애국아이돌,5.0
649,아이,2.0
649,천번백번,4.0
649,쌉인,2.0
649,쌉인정,3.0
649,이번,2.0
649,노래,2.0
649,자체,2.0
649,느낌,2.0
649,이것,2.0
649,극찬,2.0
649,정도,2.0
649,퀄리티,3.0
649,리믹스,3.0
649,믹스,2.0
649,편곡,2.0
649,신드롬,3.0
649,하나,2.0
650,발매,2.0
650,노래,2.0
650,보삼,2.0
651,축하,2.0
652,노력,2.0
652,눈물,2.0
652,지금,2.0
652,모든,2.0
652,모든분,3.0
652,누구,2.0
652,피땀,2.0
652,사람,2.0
652,성공,2.0
652,포기,2.0
653,최고,2.0
653,전세계,3.0
653,보이,2.0
653,보이그룹,4.0
653,그룹,2.0
653,그중,2.0
654,대한,2.0
654,대한민국,4.0
654,민국,2.0
654,군면제,3.0
654,면제,2.0
654,아킬레스건,5.0
654,군제대자,4.0
654,제대자,3.0
654,혜택,2.0
654,이정,2.0
654,안해,2.0
654,주면,2.0
654,남녀,2.0
654,공사,2.0
654,공사기업,4.0
654,기업,2.0
654,모병,2.0
654,유능,2.0
654,인재,2.0
654,고통,2.0
655,노래,2.0
655,정상적,3.0
655,미국인,3.0
655,만도,2.0
655,하다,2.0
655,저질,2.0
655,의사,2.0
655,표현,2.0
655,자유,2.0
655,심하단,3.0
655,하단,2.0
655,생각,2.0
655,스트리퍼,4.0
655,자랑,2.0
655,생계,2.0
655,때메,2.0
655,다이,2.0
655,마이트,3.0
655,전세계,3.0
655,메세지,3.0
656,최고,2.0
656,음악,2.0
656,세계,2.0
656,세계정복,4.0
656,정복,2.0
658,이것,2.0
658,노력,2.0
658,세계인,3.0
658,인정,2.0
658,이젠,2.0
658,대한,2.0
658,대한민국,4.0
658,민국,2.0
658,하면,2.0
658,거론,2.0
658,얘기,2.0
658,현실,2.0
658,인물,2.0
659,제목,2.0
659,보드,2.0
659,폭파,2.0
660,화가,2.0
660,사람,2.0
660,무엇,2.0
661,축하,2.0
661,축하해,3.0
661,자랑,2.0
661,최고,2.0
662,인기,2.0
662,결국,2.0
663,최고,2.0
663,축하,2.0
663,축하해,3.0
663,아미,2.0
664,자랑,2.0
665,단비,2.0
665,소식,2.0
666,음악,2.0
666,와우,2.0
666,최고,2.0
667,대한,2.0
667,대한민국,4.0
667,민국,2.0
667,국민,2.0
667,자랑,2.0
667,자랑쓰럽,4.0
667,쓰럽,2.0
667,세계,2.0
667,세계문화대통령,7.0
667,문화,2.0
667,대통령,3.0
667,우리,2.0
667,텃세,2.0
667,고장,2.0
667,미국,2.0
667,영국,2.0
667,영어권,3.0
667,보드,2.0
667,싱글,2.0
667,싱글차트,4.0
667,차트,2.0
667,올림픽,3.0
667,월드컵,3.0
667,메달,2.0
667,딴것,2.0
667,교가,2.0
667,만큼,2.0
667,쾌거,2.0
667,경제적,3.0
667,경제적효과,5.0
667,효과,2.0
667,경제적가치,5.0
667,가치,2.0
667,중요,2.0
667,수천만,3.0
667,아미,2.0
667,영향력,3.0
667,생각,2.0
667,상상,2.0
667,상상이상,4.0
667,이상,2.0
667,국격과,3.0
667,격과,2.0
667,국익,2.0
667,보탬,2.0
667,애국,2.0
667,애국시민,4.0
667,시민,2.0
667,분과,2.0
667,국회,2.0
667,국방부,3.0
667,병무청,3.0
667,이름,2.0
667,재능,2.0
667,기부,2.0
668,군면제해라,5.0
668,면제,2.0
668,내가,2.0
669,아들,2.0
670,군면제,3.0
670,면제,2.0
671,요즘,2.0
671,기분,2.0
671,소식,2.0
671,소식임,3.0
671,시작,2.0
671,최고,2.0
671,때라,2.0
671,이상,2.0
671,후회,2.0
671,앨범,2.0
671,기대,2.0
671,기대이상,4.0
672,제가,2.0
672,홈페이지,4.0
672,안보,2.0
672,나중,2.0
672,반영,2.0
673,보드,2.0
673,핫백,2.0
673,축하,2.0
674,정국,2.0
674,생일,2.0
674,보드,2.0
674,다이,2.0
674,마이트,3.0
674,상도,2.0
674,경사,2.0
674,대한,2.0
674,대한민국,4.0
674,민국,2.0
674,자랑,2.0
676,우리,2.0
676,가요,2.0
676,세계,2.0
676,애국,2.0
676,자랑,2.0
676,코로나,3.0
676,요즘,2.0
676,대한,2.0
676,대한민국,4.0
676,민국,2.0
676,희망,2.0
676,감사,2.0
677,다이너마이트,6.0
677,다이,2.0
677,마이,2.0
677,마이트를,4.0
677,트를,2.0
677,생각,2.0
677,미국인,3.0
677,싱글,2.0
677,싱글차트,4.0
677,차트,2.0
678,굿굿,2.0
679,네이버,3.0
679,아침,2.0
679,기분,2.0
679,짱짱,2.0
680,최고,2.0
680,군면제,3.0
680,면제,2.0
681,자세,2.0
681,설명,2.0
681,외국,2.0
681,외국아미,4.0
681,아미,2.0
681,수고,2.0
681,감동,2.0
681,하루,2.0
681,전함,2.0
681,무대,2.0
681,서양,2.0
681,와의,2.0
681,지향점,3.0
681,독보적,3.0
681,한번,2.0
681,느켰습니,4.0
681,보드,2.0
681,보드핫,3.0
681,선정적,3.0
681,눈높이,3.0
681,아픔,2.0
681,위로,2.0
681,입증,2.0
681,순간,2.0
682,보드,2.0
682,한정,2.0
682,군면제,3.0
682,면제,2.0
682,아마,2.0
682,이후,2.0
683,그래미,3.0
683,그래미상,4.0
683,후보,2.0
684,이것,2.0
684,실화,2.0
685,사랑,2.0
686,군면제,3.0
686,면제,2.0
687,아바,2.0
687,스웨텐팝,4.0
687,생각,2.0
687,업적,2.0
687,세계,2.0
687,세계최고,4.0
687,최고,2.0
687,예점,2.0
687,이제,2.0
687,왕관,2.0
688,댓글,2.0
688,미필,2.0
688,생각,2.0
688,지도,2.0
689,자랑,2.0
690,처음,2.0
690,최고,2.0
690,군면제,3.0
690,면제,2.0
690,국가,2.0
690,국가홍보,4.0
690,홍보,2.0
690,활용,2.0
690,가치,2.0
690,수십,2.0
690,수십배,3.0
690,자랑,2.0
690,청년,2.0
691,자랑,2.0
692,한남,2.0
692,마라,2.0
693,너희,2.0
693,때문,2.0
693,살맛,2.0
693,축하,2.0
694,진입,2.0
694,위로,2.0
694,번째,2.0
694,아티스트,4.0
694,보이,2.0
694,밴드,2.0
694,밴드중,3.0
695,군면제,3.0
695,면제,2.0
695,시고,2.0
695,최고,2.0
697,시국,2.0
697,속보,2.0
697,유일,2.0
697,소식,2.0
698,이제,2.0
698,그래미,3.0
699,보드,2.0
699,역사상,3.0
699,사상,2.0
699,진입,2.0
699,위로,2.0
699,번째,2.0
699,아티스트,4.0
699,아티스트라,5.0
699,업적,2.0
699,축하,2.0
699,마음,2.0
700,소름,2.0
701,덕분,2.0
701,행복,2.0
701,사람,2.0
701,하자,2.0
702,최고,2.0
702,하다,2.0
702,아시아,3.0
702,보드,2.0
702,등극,2.0
702,기록,2.0
702,수십,2.0
702,수십년동안,5.0
702,동안,2.0
702,노래,2.0
702,이제,2.0
702,레전,2.0
703,영국,2.0
703,작곡가,3.0
703,해주심,3.0
703,주심,2.0
703,대영,2.0
703,대영제국,4.0
703,제국,2.0
703,감사,2.0
705,최고,2.0
705,축하,2.0
705,축하해,3.0
705,데뷔,2.0
705,데뷔때,3.0
706,소식,2.0
706,속보,2.0
707,군면제,3.0
707,면제,2.0
708,노래,2.0
708,전세계,3.0
708,사람,2.0
708,위안,2.0
708,계획,2.0
708,싱글,2.0
708,발표,2.0
708,마음,2.0
708,전달,2.0
708,행복,2.0
708,진심,2.0
708,지금의,3.0
708,금의,2.0
709,대한,2.0
709,대한민국,4.0
709,민국,2.0
709,대중,2.0
709,대중가요,4.0
709,가요,2.0
709,역사상,3.0
709,사상,2.0
709,최초,2.0
709,보드,2.0
709,하루,2.0
709,하루종일,4.0
709,종일,2.0
710,오늘,2.0
710,오늘만큼,4.0
710,만큼,2.0
710,국뽕,2.0
711,면제,2.0
712,군면제,3.0
712,면제,2.0
713,자랑,2.0
713,축하,2.0
713,축하해,3.0
713,아미,2.0
714,아미,2.0
715,아시아,3.0
715,아티스트,4.0
715,만이,2.0
715,국내,2.0
715,시상식,3.0
715,대상,2.0
715,시절,2.0
715,감회,2.0
715,최고,2.0
716,최고,2.0
717,축하,2.0
719,레전,2.0
719,니들,2.0
720,컴백,2.0
721,핫백,2.0
721,위라니,3.0
721,라니,2.0
721,순간,2.0
721,기분,2.0
721,존경,2.0
722,동시대,3.0
722,영광,2.0
722,그룹,2.0
722,내가,2.0
722,최고,2.0
722,선택,2.0
723,정국,2.0
723,생일,2.0
723,보드,2.0
723,위라니,3.0
723,라니,2.0
723,하루,2.0
723,음악,2.0
723,완벽,2.0
723,무대,2.0
723,영향력,3.0
723,노력,2.0
723,고생,2.0
723,한번,2.0
723,축하,2.0
723,일곱,2.0
723,멤버,2.0
723,스탭,2.0
723,스탭분,3.0
723,행복,2.0
724,축하,2.0
725,최고,2.0
726,보드,2.0
726,보드핫,3.0
727,최고,2.0
727,축하,2.0
728,범주,2.0
728,격하,2.0
728,케이,2.0
728,케이팝,3.0
728,미국,2.0
728,유럽,2.0
728,주류,2.0
728,젊은얘들,4.0
728,일부,2.0
728,사람,2.0
728,우리,2.0
728,대한,2.0
728,대한민국,4.0
728,민국,2.0
728,과한,2.0
728,기사,2.0
728,현실,2.0
728,음악,2.0
728,우리,2.0
728,언론,2.0
728,평가,2.0
728,이때,2.0
728,기억,2.0
728,반만큼,3.0
728,만큼,2.0
728,부탁,2.0
729,노래,2.0
729,진심,2.0
729,독일,2.0
729,독일팬,3.0
729,하나,2.0
729,이번,2.0
729,이해,2.0
729,됬다,2.0
730,역사,2.0
730,기여,2.0
730,큰상,2.0
731,최고,2.0
731,자랑,2.0
732,자랑,2.0
733,축하,2.0
734,군면제,3.0
734,면제,2.0
734,얘기,2.0
734,얘기해,3.0
734,이래,2.0
734,우리,2.0
734,대한,2.0
734,대한민국,4.0
734,민국,2.0
734,여자,2.0
734,의무,2.0
734,징병제,3.0
734,도입,2.0
735,사람,2.0
735,음악,2.0
735,파도,2.0
735,나무,2.0
735,우리,2.0
735,사랑,2.0
736,주모,2.0
737,노래,2.0
737,정도,2.0
738,보드,2.0
739,추카,2.0
740,고생,2.0
741,군면제,3.0
741,면제,2.0
742,악플러,3.0
742,아이디,3.0
742,가관,2.0
743,최고,2.0
743,대서특필,4.0
743,혼란,2.0
743,시국,2.0
743,소식,2.0
743,대한,2.0
743,대한민국,4.0
743,민국,2.0
743,국민,2.0
743,자랑,2.0
744,케이,2.0
744,케이팝,3.0
744,한탄,2.0
744,케이팝거리,5.0
744,거리,2.0
744,케이,2.0
744,케이팝,3.0
744,우리,2.0
744,대한,2.0
744,대한민국,4.0
744,민국,2.0
744,아티스트,4.0
744,누구도,3.0
744,구도,2.0
744,업적,2.0
744,카테고리,4.0
744,위치,2.0
744,마세,2.0
744,가지,2.0
744,선구자,3.0
744,예술가,3.0
744,음악가,3.0
744,이제,2.0
744,음악,2.0
744,지칭,2.0
744,기사,2.0
744,기자,2.0
744,기자분,3.0
744,특별,2.0
744,특별하다,4.0
744,하다,2.0
744,유일,2.0
744,유일하다,4.0
744,비하,2.0
744,노력,2.0
744,고생,2.0
744,청춘,2.0
745,미통닭,3.0
745,통닭,2.0
745,정권,2.0
746,장난,2.0
747,비난,2.0
747,비난글,3.0
747,신고,2.0
748,보드,2.0
748,역사상,3.0
748,사상,2.0
748,국제,2.0
748,대한,2.0
748,대한민국,4.0
748,민국,2.0
748,로도,2.0
748,처음,2.0
748,카디비의,4.0
748,비의,2.0
748,가장,2.0
749,봉준호,3.0
749,준호,2.0
749,오스카,3.0
749,관왕,2.0
749,보드,2.0
749,대한,2.0
749,대한민국,4.0
749,민국,2.0
749,역사,2.0
750,이제,2.0
750,군면제,3.0
750,면제,2.0
750,완벽,2.0
750,자체,2.0
751,축구,2.0
751,축구경기,4.0
751,경기,2.0
751,병역,2.0
751,병역혜택,4.0
751,혜택,2.0
751,정도,2.0
752,축하,2.0
753,최고,2.0
753,미국,2.0
753,유명,2.0
753,생각,2.0
754,악플,2.0
754,타격,2.0
754,보드,2.0
754,상관,2.0
755,이쯤,2.0
755,인정,2.0
755,대한,2.0
755,대한민국,4.0
755,민국,2.0
756,최고,2.0
757,고생,2.0
757,그룹,2.0
757,대한,2.0
757,대한민국,4.0
757,대한민국그룹,6.0
757,민국,2.0
757,여서도,3.0
757,내가,2.0
757,그것,2.0
757,건강,2.0
758,대한,2.0
758,대한민국,4.0
758,대한민국인,5.0
758,민국,2.0
758,최초,2.0
758,최초이자,4.0
758,이자,2.0
758,아시아인,4.0
758,핫샷데뷔,4.0
758,데뷔,2.0
758,아시아,3.0
758,초임,2.0
759,당신,2.0
759,우리,2.0
759,행복,2.0
759,사랑,2.0
759,자부심,3.0
760,성장,2.0
760,축하,2.0
760,마니,2.0
760,해주세,3.0
760,주세,2.0
760,인정,2.0
761,최고,2.0
761,최고잋,3.0
762,인정,2.0
762,국위,2.0
762,국위선양국위선양,8.0
762,선양,2.0
762,여기,2.0
762,군면제,3.0
762,면제,2.0
762,얘기,2.0
762,조선,2.0
762,가야,2.0
762,국방,2.0
762,의무,2.0
762,안지,2.0
762,국민,2.0
763,작년,2.0
763,영화,2.0
763,세계,2.0
763,정상,2.0
763,금년,2.0
763,음악,2.0
764,리스,2.0
764,리스펙,3.0
765,최고,2.0
765,축하,2.0
765,자랑,2.0
766,최고,2.0
766,축하,2.0
766,실시간,3.0
767,최고,2.0
767,역사,2.0
767,자랑,2.0
769,자랑,2.0
769,이거,2.0
769,사랑,2.0
769,막둥이,3.0
769,막둥이정국,5.0
769,정국,2.0
769,생일,2.0
769,보드,2.0
769,보드핫백,4.0
769,너희,2.0
770,최고,2.0
770,아미,2.0
770,축하,2.0
772,이대,2.0
772,포방포,3.0
772,방포,2.0
775,진실성,3.0
775,가사,2.0
775,음악,2.0
775,그룹,2.0
776,글로벌,3.0
776,삼성,2.0
776,가전,2.0
776,국위,2.0
776,국위선양국위선양,8.0
776,선양,2.0
776,대한,2.0
776,대한민국,4.0
776,민국,2.0
776,트롯,2.0
777,최고,2.0
777,대한,2.0
777,대한민국,4.0
777,민국,2.0
777,자랑,2.0
778,자랑,2.0
779,국위선양국위,6.0
779,위선,2.0
779,양국,2.0
779,선양,2.0
779,선양선양,4.0
780,정국,2.0
780,생일,2.0
780,축하,2.0
780,축하해용,4.0
780,해용,2.0
781,속보,2.0
782,각종,2.0
782,기사,2.0
782,보고,2.0
782,안티,2.0
782,소리,2.0
782,여기,2.0
782,국위선양국위,6.0
782,위선,2.0
782,양국,2.0
782,선양,2.0
782,선양선양,4.0
783,자랑,2.0
783,대한,2.0
783,대한민국,4.0
783,민국,2.0
783,청년,2.0
783,축하,2.0
784,축하,2.0
784,사랑,2.0
785,최고,2.0
785,보드,2.0
785,이면,2.0
785,전세계,3.0
785,세계,2.0
785,정말,2.0
785,년간,2.0
785,수고,2.0
785,밑바닥,3.0
785,바닥,2.0
785,고생,2.0
785,자랑,2.0
785,우리,2.0
785,대한,2.0
785,대한민국,4.0
785,민국,2.0
786,폐렴,2.0
786,폐렴시국,4.0
786,시국,2.0
786,힐링,2.0
787,뮤직,2.0
787,워드,2.0
787,관왕,2.0
787,보드,2.0
787,싱글,2.0
787,싱글차트,4.0
787,차트,2.0
787,정국,2.0
787,생일날,3.0
787,추카,2.0
788,문화,2.0
788,대한,2.0
788,대한민국,4.0
788,민국,2.0
788,전세계,3.0
788,세계,2.0
788,우리,2.0
788,생각,2.0
788,봉준호감독,5.0
788,준호,2.0
788,감독,2.0
788,기생충,3.0
788,축구,2.0
788,월드컵,3.0
788,마찬가지,4.0
788,이것,2.0
789,최고,2.0
789,월드,2.0
789,월드스타,4.0
789,스타,2.0
789,미국,2.0
789,전역,2.0
789,라디오,3.0
790,최고,2.0
791,나이,2.0
791,레코드,3.0
791,가게,2.0
791,무료,2.0
791,보드,2.0
791,챠트,2.0
791,거기,2.0
791,우리,2.0
791,대한,2.0
791,대한민국,4.0
791,민국,2.0
792,시기,2.0
792,자랑,2.0
792,소식,2.0
792,국보급,3.0
793,군면제,3.0
793,면제,2.0
793,가도,2.0
793,인정,2.0
794,축하,2.0
795,최고,2.0
795,멤버,2.0
795,한명,2.0
795,핫백,2.0
795,위버스,3.0
795,버스,2.0
795,마음,2.0
795,이상,2.0
795,겉으론,3.0
795,시간,2.0
795,방뽕,2.0
796,기사,2.0
797,최고,2.0
797,사람,2.0
797,문화,2.0
797,문화쪽,3.0
797,역사,2.0
797,축하,2.0
798,기사,2.0
798,생활면,3.0
798,주신,2.0
798,기자,2.0
798,감사,2.0
798,댓글,2.0
798,기회,2.0
798,센스,2.0
798,자랑,2.0
798,대한,2.0
798,대한민국,4.0
798,민국,2.0
798,국보급,3.0
799,최고,2.0
799,축하,2.0
800,시도로,3.0
800,도로,2.0
800,앨범,2.0
800,싱글,2.0
800,싱글앨범,4.0
800,영어,2.0
800,영어노래,4.0
800,노래,2.0
800,다이,2.0
800,마이트,3.0
800,콩알탄,3.0
800,알탄,2.0
800,우스갯소리,5.0
800,걱정,2.0
800,기록,2.0
800,대한,2.0
800,대한민국,4.0
800,민국,2.0
800,부담,2.0
800,마음,2.0
800,다행,2.0
800,진심,2.0
800,축하,2.0
801,올림픽,3.0
801,금메달,3.0
801,시국,2.0
801,우리,2.0
801,기쁨,2.0
801,위로,2.0
801,대한,2.0
801,대한민국,4.0
801,민국,2.0
801,전세계,3.0
801,군면제,3.0
801,면제,2.0
802,축하,2.0
802,우리,2.0
802,막내,2.0
802,생일,2.0
803,만회,2.0
803,라디오,3.0
803,방송,2.0
803,만명,2.0
803,청취자,3.0
803,임팩트,3.0
804,자랑,2.0
805,이젠,2.0
805,정도,2.0
806,군면제,3.0
806,면제,2.0
806,불공정,3.0
806,세상,2.0
806,인증,2.0
806,이름,2.0
806,콩쿨,2.0
806,수상,2.0
806,아시아인,4.0
806,대한,2.0
806,대한민국,4.0
806,민국,2.0
806,최초,2.0
806,보드,2.0
806,보드핫백,4.0
807,최고,2.0
807,감격,2.0
807,주만,2.0
807,위라니,3.0
807,라니,2.0
807,역사상,3.0
807,사상,2.0
807,그룹,2.0
807,그룹뿐,3.0
807,이제,2.0
808,신곡,2.0
808,진입,2.0
808,전세계,3.0
808,보드,2.0
808,역사상,3.0
808,사상,2.0
808,아시아,3.0
808,년만,2.0
808,대한,2.0
808,대한민국,4.0
808,민국,2.0
808,최초,2.0
808,해내,2.0
809,고생,2.0
809,축하,2.0
810,눈물,2.0
810,청춘,2.0
810,코로나,3.0
810,때문,2.0
810,인정,2.0
810,기분,2.0
812,최고,2.0
812,군면제,3.0
812,면제,2.0
812,군면제감,4.0
812,커리어,3.0
812,입대,2.0
812,대한,2.0
812,대한민국,4.0
812,민국,2.0
813,최고,2.0
814,최고,2.0
815,핫백,2.0
815,의민지,3.0
815,민지,2.0
815,전세계,3.0
815,메인,2.0
815,메인음원차트,6.0
815,차트,2.0
815,음원,2.0
815,최고,2.0
815,자리,2.0
815,축하,2.0
815,자랑,2.0
816,년전,2.0
816,모두,2.0
816,빠져,2.0
816,아무,2.0
816,갓신인,3.0
816,신인,2.0
816,지역,2.0
816,지역행사,4.0
816,행사,2.0
816,게스트,3.0
816,얼굴,2.0
816,가사,2.0
816,시작,2.0
816,종례,2.0
816,종례시간,4.0
816,시간,2.0
816,개인,2.0
816,개인발표,4.0
816,발표,2.0
816,친구,2.0
816,노래,2.0
816,소개,2.0
816,웃음거리,4.0
816,누구,2.0
816,최고,2.0
816,비웃음,3.0
816,아랑곳,3.0
816,떡잎,2.0
816,내가,2.0
816,자랑,2.0
816,감격,2.0
817,블랙,2.0
817,블랙핑크,4.0
817,핑크,2.0
818,이것,2.0
818,의미,2.0
819,이문,2.0
819,이문덕,3.0
820,보드,2.0
820,최고,2.0
821,방시,2.0
821,방시혁,3.0
822,축하,2.0
823,자랑,2.0
824,멤버,2.0
824,교육,2.0
824,정권,2.0
824,비리,2.0
824,물타기,3.0
824,사용,2.0
825,아니쥬,3.0
825,데뷔,2.0
825,주변,2.0
825,팬덤,2.0
825,시기,2.0
825,시기질투,4.0
825,질투,2.0
825,대한,2.0
825,대한민국,4.0
825,민국,2.0
825,최정상,3.0
825,자리,2.0
825,세계,2.0
825,축하,2.0
826,레전,2.0
827,시기,2.0
827,소식,2.0
827,노래,2.0
828,군면제,3.0
828,면제,2.0
828,남자,2.0
828,쟤들,2.0
828,기분,2.0
828,금메달,3.0
828,이름,2.0
830,최고,2.0
830,역사적,3.0
830,핫백,2.0
830,다이나,3.0
830,다이나마이트,6.0
830,마이트,3.0
830,뮤비,2.0
830,코로나,3.0
830,여대,2.0
830,순위,2.0
830,감사,2.0
831,수고,2.0
832,관련주,3.0
833,청와대,3.0
833,초청,2.0
833,정수기,3.0
835,최고,2.0
835,아미,2.0
835,차로,2.0
835,글로벌,3.0
835,성장,2.0
835,나의,2.0
835,추억,2.0
835,추억속,3.0
835,감사,2.0
836,대통령,3.0
836,축하,2.0
836,축하메시지,5.0
836,메시지,3.0
836,자랑,2.0
838,자랑,2.0
838,고생,2.0
838,축하,2.0
839,그대,2.0
839,레전드,3.0
839,전드,2.0
839,눈물,2.0
839,쾌거,2.0
839,역사이다,4.0
839,사이다,3.0
839,멤버,2.0
839,멤버간,3.0
839,사생활,3.0
839,철저,2.0
839,대한,2.0
839,대한민국,4.0
839,민국,2.0
839,음악계,3.0
839,영원,2.0
839,레전드로,4.0
839,드로,2.0
839,기억,2.0
840,보유국,3.0
840,대한,2.0
840,대한민국,4.0
840,민국,2.0
840,보드,2.0
840,핫백,2.0
840,라니,2.0
840,국위,2.0
840,양국,2.0
840,양국위선양선양,7.0
840,선양,2.0
841,와우,2.0
841,보드,2.0
841,최고,2.0
841,아이,2.0
841,아이돌,3.0
841,하면,2.0
841,군면제,3.0
841,면제,2.0
841,안해,2.0
841,안해주지,4.0
841,주지,2.0
841,대중,2.0
841,대중가요,4.0
841,가요,2.0
841,금메달,3.0
841,금메달급,4.0
841,런던,2.0
841,공연,2.0
841,국뽕,2.0
841,무작정,3.0
841,빼액,2.0
841,보셈,2.0
842,역사,2.0
842,감사,2.0
842,감사하다,4.0
842,하다,2.0
842,축하,2.0
843,보드,2.0
843,사건,2.0
843,사건임,3.0
843,멜로디,3.0
843,가사,2.0
843,노래,2.0
843,최소,2.0
844,최고,2.0
845,옛날,2.0
845,군면제,3.0
845,면제,2.0
845,얘기,2.0
845,자로,2.0
845,보드,2.0
845,기준,2.0
845,생각,2.0
845,이것,2.0
847,생각,2.0
847,신기루,3.0
847,우리,2.0
847,최고,2.0
847,엠카운트다운,6.0
847,카운트,3.0
847,카운트다운,5.0
847,다운,2.0
847,컴백,2.0
847,보드,2.0
847,차트,2.0
847,차트아웃,4.0
847,아웃,2.0
847,멜론,2.0
847,핫백,2.0
847,수고,2.0
847,동안,2.0
847,활동,2.0
847,노력,2.0
847,보답,2.0
847,열정적,3.0
847,응원,2.0
847,사랑,2.0
847,우리,2.0
847,아미,2.0
847,라면,2.0
847,사막,2.0
847,바다,2.0
848,아니쥬,3.0
848,음방,2.0
848,보드,2.0
848,라니,2.0
848,때문,2.0
848,성적,2.0
848,사랑,2.0
849,보드,2.0
849,기대,2.0
849,결국,2.0
849,최고,2.0
849,행복,2.0
849,충성,2.0
849,충성충성,4.0
850,수고,2.0
850,축하,2.0
850,중학교,3.0
850,시절,2.0
850,응원,2.0
850,성인,2.0
850,음악,2.0
850,위로,2.0
851,정말,2.0
852,최고,2.0
853,바디,2.0
853,바디친구밖,5.0
853,친구,2.0
853,생각,2.0
853,요새,2.0
853,최고,2.0
853,광고,2.0
854,보드,2.0
854,전세계,3.0
854,세계,2.0
855,눈물,2.0
855,감동,2.0
856,그대,2.0
856,자랑,2.0
856,감사,2.0
857,국위선양국위,6.0
857,위선,2.0
857,양국,2.0
857,선양,2.0
857,선양선양,4.0
857,최고,2.0
858,눈물,2.0
859,역사,2.0
859,감사,2.0
859,대한,2.0
859,대한민국,4.0
859,민국,2.0
859,최초,2.0
859,아시아,3.0
859,이제,2.0
859,고유,2.0
859,고유명사,4.0
859,명사,2.0
859,최고,2.0
859,아티스트,4.0
860,최고,2.0
860,고생,2.0
860,축하,2.0
860,축하해,3.0
860,아미,2.0
860,행복,2.0
860,하자,2.0
861,설움,2.0
861,축하,2.0
863,축하,2.0
863,자랑,2.0
864,대한,2.0
864,대한민국,4.0
864,민국,2.0
864,전세계,3.0
864,최고,2.0
864,레전,2.0
865,최고,2.0
866,축하,2.0
867,희망,2.0
867,소식,2.0
867,자랑,2.0
868,자랑,2.0
868,최고,2.0
868,너희,2.0
868,비타민,3.0
869,여기,2.0
869,정치,2.0
869,정치얘기,4.0
869,얘기,2.0
870,자랑,2.0
870,역사,2.0
870,순간,2.0
871,다나,2.0
872,대한,2.0
872,대한민국,4.0
872,대한민국순위,6.0
872,민국,2.0
872,순위,2.0
872,다이,2.0
872,마이트,3.0
872,마이트인트,5.0
872,인트,2.0
872,인트로,3.0
872,처음,2.0
872,처음봄,3.0
872,여자,2.0
872,지민,2.0
872,오빠,2.0
873,핫백,2.0
874,정밀,2.0
874,축하,2.0
874,축하해,3.0
874,최고,2.0
874,고생길,3.0
874,꽃길,2.0
875,군면제,3.0
875,면제,2.0
876,축하,2.0
877,아미,2.0
877,모너,2.0
877,모너모,3.0
877,축하,2.0
877,축하해,3.0
877,드뎌,2.0
877,보드,2.0
877,핫백,2.0
877,역사적,3.0
878,자랑,2.0
878,우리,2.0
878,소년,2.0
879,축하,2.0
879,축하해,3.0
879,핫백,2.0
879,위라니,3.0
879,라니,2.0
879,이것,2.0
880,정국,2.0
880,생일,2.0
880,겹경사,3.0
880,경사,2.0
880,축배,2.0
880,아침,2.0
880,케이크,3.0
881,이것,2.0
881,국위,2.0
881,양국,2.0
881,양국위선양선양,7.0
881,선양,2.0
881,덕분,2.0
881,대한,2.0
881,대한민국,4.0
881,민국,2.0
881,사람,2.0
881,호의적,3.0
881,태도,2.0
881,비즈니스,4.0
881,직접적,3.0
881,악플러들,4.0
881,증명,2.0
882,자랑,2.0
883,이것,2.0
883,문재인대통령,6.0
883,재인,2.0
883,대통령,3.0
883,덕분,2.0
884,통일,2.0
884,보드,2.0
885,스타일,3.0
885,터프,2.0
885,남자,2.0
886,최고,2.0
887,축하,2.0
887,자랑,2.0
887,나의,2.0
887,수고,2.0
887,하자,2.0
888,정국,2.0
888,생일,2.0
888,소식,2.0
888,축하,2.0
889,보드,2.0
889,맞져,2.0
890,자격,2.0
890,사람,2.0
890,축하,2.0
890,축하해,3.0
890,수고,2.0
891,핫백,2.0
891,최고,2.0
891,축하,2.0
892,그동안,3.0
892,고생,2.0
892,아미,2.0
892,빅히트,3.0
892,히트,2.0
892,축하,2.0
892,축하축하,4.0
893,최고,2.0
894,대한,2.0
894,대한민국,4.0
894,민국,2.0
894,자랑,2.0
895,너희,2.0
895,최고,2.0
896,년만,2.0
896,아시아,3.0
896,보드,2.0
896,영어,2.0
896,영어가사,4.0
896,가사,2.0
896,공감,2.0
896,사랑,2.0
897,소름,2.0
898,지금,2.0
898,라디오,3.0
898,배철수,3.0
898,철수,2.0
898,음악,2.0
898,음악캠프,4.0
898,캠프,2.0
898,일요일,3.0
898,소개,2.0
898,한주,2.0
898,마무리,3.0
898,사이,2.0
898,우리,2.0
898,대한,2.0
898,대한민국,4.0
898,민국,2.0
898,자랑,2.0
900,최고,2.0
900,인정,2.0
902,최고,2.0
902,자랑,2.0
905,정도,2.0
905,축하,2.0
906,진심,2.0
906,심장,2.0
907,자랑,2.0
907,행복,2.0
907,아미,2.0
907,모두,2.0
907,축하,2.0
908,최고,2.0
908,자랑,2.0
908,축하,2.0
909,노력,2.0
909,최고,2.0
909,고생,2.0
909,지금,2.0
909,무대,2.0
909,대한,2.0
909,대한민국,4.0
909,민국,2.0
909,열망,2.0
909,너희,2.0
909,응원,2.0
909,사랑,2.0
909,우리,2.0
909,안전,2.0
909,착륙,2.0
909,정국,2.0
909,생일,2.0
909,선물,2.0
910,보고,2.0
910,결국,2.0
910,정국,2.0
910,생일,2.0
910,겹경사,3.0
910,경사,2.0
910,축제,2.0
910,축하,2.0
911,감사,2.0
911,감사해,3.0
912,자랑,2.0
913,기생충,3.0
913,쾌거,2.0
913,축하,2.0
914,인정,2.0
915,핫벡,2.0
915,미쳣,2.0
916,강남스타일,5.0
916,이후,2.0
916,미국,2.0
916,보드,2.0
916,오랜만,3.0
917,보드,2.0
917,축하,2.0
917,최고,2.0
917,이것,2.0
917,성장,2.0
918,아미,2.0
918,본인,2.0
918,축하,2.0
919,자랑,2.0
919,우리,2.0
919,아티스트,4.0
919,휴가,2.0
919,집콕,2.0
919,때문,2.0
919,정구,2.0
919,최고,2.0
919,선물,2.0
919,보드,2.0
919,핫백,2.0
919,축하,2.0
919,정국,2.0
919,생일,2.0
920,핫백,2.0
920,의미,2.0
920,이전,2.0
920,미국,2.0
920,전세계,3.0
920,보이,2.0
920,보이밴드,4.0
920,밴드,2.0
920,그룹,2.0
920,뉴키즈온더블,6.0
920,키즈,2.0
920,더블,2.0
920,엔싱크,3.0
920,싱크,2.0
920,조나스,3.0
920,나스,2.0
920,브라더스,4.0
920,전체,2.0
920,발매,2.0
920,에어로,3.0
920,에어로스미스,6.0
920,스미스,3.0
920,보드,2.0
920,싱글,2.0
920,싱글차트,4.0
920,차트,2.0
920,역사상,3.0
920,사상,2.0
920,곡중,2.0
920,다이,2.0
920,마이트,3.0
920,번째,2.0
920,기록,2.0
921,가슴,2.0
921,부여,2.0
921,눈물,2.0
921,우리,2.0
921,자랑,2.0
921,세계,2.0
921,세계아미,4.0
921,아미,2.0
921,사랑,2.0
921,존재,2.0
921,정국,2.0
921,생일,2.0
921,생일선물,4.0
921,선물,2.0
921,축하,2.0
922,자랑,2.0
922,국위,2.0
922,양국,2.0
922,양국위선양선양,7.0
922,선양,2.0
922,지대,2.0
923,정도,2.0
923,군면제,3.0
923,면제,2.0
924,보드,2.0
924,그룹,2.0
924,군면제,3.0
924,면제,2.0
924,하자,2.0
925,진심,2.0
926,순위,2.0
926,기자,2.0
926,기자분,3.0
926,오늘,2.0
926,감사,2.0
927,멤버,2.0
927,토종,2.0
927,대한,2.0
927,대한민국,4.0
927,대한민국인인,6.0
927,민국,2.0
927,인인,2.0
927,보드,2.0
928,진심,2.0
928,자랑,2.0
929,최고,2.0
929,남자,2.0
930,축하,2.0
930,최고,2.0
931,대한,2.0
931,대한민국,4.0
931,민국,2.0
931,전세계,3.0
931,전세계최대시장,7.0
931,최대,2.0
931,시장,2.0
931,진심,2.0
931,축하,2.0
931,감사,2.0
932,최고,2.0
932,축하,2.0
933,역사적,3.0
933,보드,2.0
933,핫백,2.0
933,축하,2.0
934,최고,2.0
934,국뽕,2.0
935,자랑,2.0
935,축하,2.0
935,오늘,2.0
935,행복,2.0
936,월드,2.0
937,실력,2.0
937,노력,2.0
937,정상,2.0
937,자리,2.0
937,자랑,2.0
938,우리,2.0
938,미분,2.0
938,하세,2.0
938,정국,2.0
938,생일,2.0
938,생일추카,4.0
938,보드,2.0
938,추카,2.0
939,역사,2.0
939,존경,2.0
940,축하,2.0
941,군면제,3.0
941,면제,2.0
942,최고,2.0
942,국보,2.0
944,국뽕,2.0
944,최고,2.0
944,뮤지션,3.0
945,최고,2.0
945,축하,2.0
946,자랑,2.0
947,축하,2.0
948,시기,2.0
948,행복,2.0
948,뉴스,2.0
949,그동안,3.0
949,수고,2.0
949,최고,2.0
949,축하,2.0
950,군면제,3.0
950,면제,2.0
950,하자,2.0
952,다이너마이트,6.0
953,최고,2.0
953,축하,2.0
956,시기,2.0
956,전세계,3.0
956,힘내,2.0
956,최고,2.0
956,기쁨,2.0
956,기적,2.0
956,선물,2.0
956,수고,2.0
956,추카,2.0
957,강남,2.0
957,강남스타일,5.0
957,스타일,3.0
957,생각,2.0
957,그때,2.0
957,마룬,2.0
958,축하,2.0
959,요즘,2.0
959,시기,2.0
959,소식,2.0
959,힐링,2.0
960,시국,2.0
960,기사,2.0
961,간만,2.0
961,소식,2.0
962,보드,2.0
962,핫백,2.0
962,아시아,3.0
962,그것,2.0
962,핫샷,2.0
962,데뷔,2.0
962,최고,2.0
962,역사,2.0
962,길이,2.0
962,레전,2.0
963,축하,2.0
964,최고,2.0
964,우리,2.0
964,자랑,2.0
964,축하,2.0
965,비티에스,4.0
965,에스,2.0
966,만큼,2.0
966,인정이다,4.0
967,기분,2.0
968,최고,2.0
968,노래,2.0
968,군면제,3.0
968,면제,2.0
968,연예인,3.0
968,연예인중,4.0
968,국내,2.0
968,대표,2.0
968,공익,2.0
968,라도,2.0
968,안됨,2.0
968,활동,2.0
968,고요,2.0
969,최고,2.0
970,보드,2.0
970,축하,2.0
970,자랑,2.0
971,자랑,2.0
972,국위,2.0
972,국위선양국위선양,8.0
972,선양,2.0
973,최고,2.0
974,최고,2.0
974,국뽕,2.0
976,자랑,2.0
976,존경,2.0
976,대한,2.0
976,대한민국,4.0
976,민국,2.0
976,아티스트,4.0
976,생각,2.0
976,생각지도,4.0
976,지도,2.0
976,자리,2.0
976,상상,2.0
976,진심,2.0
976,축하,2.0
977,역사,2.0
977,동시대,3.0
977,자랑,2.0
978,기사,2.0
978,마니,2.0
978,내주,2.0
978,내주세요,4.0
978,세요,2.0
978,자랑,2.0
979,최고,2.0
979,트집,2.0
980,축하,2.0
981,노래,2.0
982,축하,2.0
983,자랑,2.0
983,사랑,2.0
984,사랑,2.0
984,자랑,2.0
985,최고,2.0
985,이네,2.0
985,정도,2.0
985,정도일,3.0
985,축하,2.0
986,어머,2.0
986,대빅,2.0
987,자랑,2.0
988,축하,2.0
989,최고,2.0
990,자랑,2.0
990,결국,2.0
992,소름,2.0
993,자랑,2.0
994,최고,2.0
994,자랑,2.0
995,코로나,3.0
995,시대,2.0
995,성과,2.0
995,최고,2.0
995,인정,2.0
996,정국,2.0
996,생일,2.0
996,겹경사,3.0
996,경사,2.0
996,축하,2.0
996,생일축하,4.0
996,천년만년,4.0
996,랑해,2.0
997,자랑,2.0
997,축하,2.0
997,평생,2.0
997,역사,2.0
997,행복,2.0
998,자랑,2.0
999,축하,2.0
1000,축하,2.0
1001,케이,2.0
1001,케이팝,3.0
1001,정상,2.0
1001,기념비,3.0
1001,아미,2.0
1001,모두,2.0
1001,축하,2.0
1002,최고,2.0
1002,국위,2.0
1002,양국,2.0
1002,양국위선양선양,7.0
1002,선양,2.0
1002,자랑,2.0
1003,여러분,3.0
1003,진심,2.0
1003,자랑,2.0
1004,우리,2.0
1005,아시아,3.0
1005,대한,2.0
1005,대한민국,4.0
1005,민국,2.0
1005,최초,2.0
1005,보드,2.0
1005,역사상,3.0
1005,사상,2.0
1005,국제,2.0
1005,밴드,2.0
1005,축하,2.0
1006,국위선양국위,6.0
1006,위선,2.0
1006,양국,2.0
1006,선양,2.0
1006,선양선양,4.0
1007,최고,2.0
1007,진심,2.0
1007,축하,2.0
1008,역사,2.0
1008,최고,2.0
1008,가요계,3.0
1008,무시,2.0
1008,어이,2.0
1008,일위,2.0
1008,최초,2.0
1008,올림픽,3.0
1008,금메달,3.0
1009,최고,2.0
1009,축하,2.0
1009,자랑,2.0
1010,운동선수,4.0
1010,병역,2.0
1010,병역면제,4.0
1010,면제,2.0
1010,이만치,3.0
1010,청년,2.0
1010,군면제,3.0
1010,만큼,2.0
1010,주세,2.0
1010,아이,2.0
1010,아이돌이,4.0
1010,돌이,2.0
1010,노노해,3.0
1010,노해,2.0
1011,역사,2.0
1012,올해,2.0
1012,기쁨,2.0
1012,희망,2.0
1012,자랑,2.0
1014,최고,2.0
1014,최고최고,4.0
1015,최고,2.0
1015,제목,2.0
1016,이것,2.0
1016,최고,2.0
1017,대한,2.0
1017,대한민국,4.0
1017,민국,2.0
1017,자랑,2.0
1017,월드컵,3.0
1017,김연아선수,5.0
1017,선수,2.0
1017,최고,2.0
1017,동시대,3.0
1017,시대,2.0
1017,행복,2.0
1017,행복하다,4.0
1017,하다,2.0
1019,최고,2.0
1020,국가,2.0
1020,국가대표,4.0
1020,대표,2.0
1020,최고,2.0
1020,자랑,2.0
1021,국뽕,2.0
1021,하늘,2.0
1022,최고,2.0
1023,가요계,3.0
1023,선배,2.0
1023,대한,2.0
1023,대한민국,4.0
1023,민국,2.0
1023,보드,2.0
1023,메인,2.0
1023,메인차트,4.0
1023,차트,2.0
1023,순간,2.0
1024,최고,2.0
1024,자랑,2.0
1024,건강,2.0
1024,활동,2.0
1025,요즘,2.0
1025,시기,2.0
1025,소식,2.0
1025,감사,2.0
1025,축하,2.0
1026,축하,2.0
1026,축하해,3.0
1027,최고,2.0
1028,축하,2.0
1028,자랑,2.0
1028,대한,2.0
1028,대한민국,4.0
1028,민국,2.0
1029,최고,2.0
1029,멤버,2.0
1029,시간,2.0
1029,새벽,2.0
1029,자랑,2.0
1029,축하,2.0
1030,축하,2.0
1031,세계,2.0
1031,최고,2.0
1033,최고,2.0
1034,자랑,2.0
1035,응원,2.0
1036,감격,2.0
1036,순간,2.0
1036,최고,2.0
1036,정구기,3.0
1036,구기,2.0
1036,생선,2.0
1037,예전,2.0
1037,김기덕,3.0
1037,기덕,2.0
1037,보드,2.0
1037,우리,2.0
1037,대한,2.0
1037,대한민국,4.0
1037,민국,2.0
1037,싱글,2.0
1037,싱글차트,4.0
1037,차트,2.0
1037,그것,2.0
1037,암울,2.0
1037,시기,2.0
1037,자랑,2.0
1038,최고,2.0
1038,보드,2.0
1038,기사,2.0
1038,네이버,3.0
1038,운해,2.0
1039,축하,2.0
1039,축하축하,4.0
1041,최고,2.0
1041,카디비,3.0
1041,막강,2.0
1041,위가도,3.0
1041,가도,2.0
1041,감사,2.0
1041,지경,2.0
1041,위라니,3.0
1041,라니,2.0
1042,축하,2.0
1042,역대,2.0
1042,역대급,3.0
1042,인정,2.0
1043,가슴,2.0
1043,보유국,3.0
1043,꼬레,2.0
1044,보드,2.0
1044,축하,2.0
1045,이제,2.0
1047,이것,2.0
1048,최고,2.0
1049,데뷔,2.0
1049,그룹,2.0
1049,아이,2.0
1049,아이돌,3.0
1049,대한,2.0
1049,대한민국,4.0
1049,민국,2.0
1049,세계,2.0
1049,인정,2.0
1049,아티스트,4.0
1049,자랑,2.0
1049,정국,2.0
1049,생일,2.0
1049,축하,2.0
1049,핫백,2.0
1050,최고,2.0
1050,자랑,2.0
1050,축하,2.0
1052,축하,2.0
1053,우리,2.0
1053,최고,2.0
1053,자랑,2.0
1054,자랑,2.0
1054,눈물,2.0
1055,축하,2.0
1055,사랑,2.0
1056,최고,2.0
1056,민스트라,4.0
1056,스트라,3.0
1056,무스,2.0
1056,예언,2.0
1056,포방포,3.0
1056,방포,2.0
1057,축하,2.0
1059,보유국,3.0
1059,자랑,2.0
1060,전정국,3.0
1060,정국,2.0
1060,최고,2.0
1060,생일,2.0
1060,생일선물,4.0
1060,선물,2.0
1060,생일도,3.0
1060,축하,2.0
1061,옛날,2.0
1061,신화,2.0
1061,그룹,2.0
1061,세계,2.0
1061,인기,2.0
1061,미스,2.0
1061,미스테리,4.0
1061,테리,2.0
1062,필요,2.0
1062,최고,2.0
1064,소름,2.0
1065,최고,2.0
1065,자랑,2.0
1066,축하,2.0
1066,축하축하,4.0
1066,워너비,3.0
1067,축하해요,4.0
1067,생일,2.0
1067,최고,2.0
1069,개미,2.0
1069,이도,2.0
1070,자랑,2.0
1072,국위선양국위,6.0
1072,위선,2.0
1072,양국,2.0
1072,선양,2.0
1072,선양선양,4.0
1074,축하,2.0
1077,최고,2.0
1078,다이너마이트,6.0
1078,파급,2.0
1078,코로나,3.0
1078,자랑,2.0
1079,명곡,2.0
1080,군면제,3.0
1080,면제,2.0
1080,국위,2.0
1080,국위선양국위선양,8.0
1080,선양,2.0
1080,수가,2.0
1081,군면제,3.0
1081,면제,2.0
1081,운운,2.0
1081,국위,2.0
1081,국위선양선향,6.0
1081,선양,2.0
1081,선향,2.0
1081,건하,2.0
1081,나중,2.0
1081,딴말,2.0
1081,꼭지,2.0
1082,운동선수,4.0
1082,군면제,3.0
1082,면제,2.0
1082,인마,2.0
1082,장관,2.0
1082,장관아들,4.0
1082,아들,2.0
1082,휴가,2.0
1082,조종,2.0
1083,노래,2.0
1083,하루,2.0
1083,한번,2.0
1083,유툽,2.0
1083,뮤비,2.0
1083,멜론,2.0
1083,스트리밍,4.0
1083,멤버,2.0
1083,나이,2.0
1083,이름,2.0
1083,대성,2.0
1083,대성하세욜,5.0
1083,하세,2.0
1084,어디,2.0
1084,일본인,3.0
1084,대한,2.0
1084,대한민국,4.0
1084,민국,2.0
1084,국민,2.0
1084,의무,2.0
1085,여기,2.0
1085,보드,2.0
1085,핫백,2.0
1085,군면제,3.0
1085,면제,2.0
1085,주자,2.0
1085,콘서트,3.0
1085,한번,2.0
1085,경제,2.0
1085,경제효과,4.0
1085,효과,2.0
1085,조원,2.0
1085,관광업,3.0
1085,대한,2.0
1085,대한민국,4.0
1085,민국,2.0
1085,관광,2.0
1085,외국인,3.0
1085,그것,2.0
1085,음악,2.0
1085,최근,2.0
1085,믹스,2.0
1085,믹스테잎,4.0
1085,대취타,3.0
1085,실제,2.0
1085,연주,2.0
1085,현대적,3.0
1085,요소,2.0
1085,자신,2.0
1085,스타일,3.0
1085,해외,2.0
1085,무엇,2.0
1085,공부,2.0
1085,하개,2.0
1085,시작,2.0
1085,과의,2.0
1085,소통,2.0
1085,한글,2.0
1085,빅히트,3.0
1085,히트,2.0
1085,해외팬,3.0
1086,국민,2.0
1086,정권,2.0
1086,마사,2.0
1086,마사오,3.0
1086,닭그네정부,5.0
1086,그네,2.0
1086,정부,2.0
1086,아부,2.0
1086,아부아첨,4.0
1086,아첨,2.0
1086,무당,2.0
1086,반대,2.0
1086,흑백,2.0
1086,흑백명부,4.0
1086,명부,2.0
1086,작성,2.0
1086,기생충,3.0
1086,다이나,3.0
1086,다이나마이트,6.0
1086,마이트,3.0
1086,일장기,3.0
1086,일장기부대,5.0
1086,부대,2.0
1086,일베충,3.0
1086,완장,2.0
1086,활개,2.0
1086,민주,2.0
1086,민주인사,4.0
1086,인사,2.0
1086,빨갱이,3.0
1086,직하,2.0
1087,노력,2.0
1087,최고,2.0
1087,그룹,2.0
1087,실력,2.0
1087,인성,2.0
1087,소신,2.0
1088,정도,2.0
1088,대한,2.0
1088,대한민국,4.0
1088,민국,2.0
1088,혜택,2.0
1088,대접,2.0
1088,세계,2.0
1089,축하,2.0
1090,축하,2.0
1090,이번,2.0
1090,청와대,3.0
1090,초청,2.0
1090,파구,2.0
1090,만찬,2.0
1090,말자,2.0
1091,국봉,2.0
1092,사이,2.0
1093,군면제,3.0
1093,면제,2.0
1093,축하,2.0
1093,축하축하,4.0
1094,이젠,2.0
1094,최고,2.0
1094,인정,2.0
1094,보드,2.0
1094,아무,2.0
1094,군면제,3.0
1094,면제,2.0
1096,최고,2.0
1097,축하,2.0
1098,면제,2.0
1099,진싱자랑,4.0
1099,자랑,2.0
1100,군면제,3.0
1100,면제,2.0
1100,쟤들,2.0
1100,피골,2.0
1100,상접,2.0
1100,지네,2.0
1100,인지도,3.0
1100,미국,2.0
1100,흑인,2.0
1100,흑인인권운동,6.0
1100,인권,2.0
1100,운동,2.0
1100,만달러,3.0
1100,달러,2.0
1100,정작,2.0
1100,우리,2.0
1100,대한,2.0
1100,대한민국,4.0
1100,민국,2.0
1100,국민,2.0
1100,기부,2.0
1100,정신,2.0
1101,정국,2.0
1101,생일,2.0
1101,선물,2.0
1102,보드,2.0
1102,싱글,2.0
1102,축하,2.0
1103,국위,2.0
1103,국위선양국위선양,8.0
1103,선양,2.0
1103,이유,2.0
1103,올림픽,3.0
1103,아시안,3.0
1103,아시안게임,5.0
1103,게임,2.0
1103,금메달,3.0
1103,사람,2.0
1103,군면제,3.0
1103,면제,2.0
1103,대중,2.0
1103,대중문화,4.0
1103,문화,2.0
1103,예술,2.0
1103,예술분야,4.0
1103,분야,2.0
1103,조건,2.0
1103,안됨,2.0
1103,대한,2.0
1103,대한민국,4.0
1103,민국,2.0
1103,훈장,2.0
1103,얘네들,3.0
1103,경제적,3.0
1103,경제적효과,5.0
1103,효과,2.0
1103,남자,2.0
1103,국방,2.0
1103,의무,2.0
1103,실리적,3.0
1103,이바지,3.0
1104,미스,2.0
1104,미스트롯,4.0
1104,트롯,2.0
1104,조선,2.0
1104,불매,2.0
1104,불매운동,4.0
1104,운동,2.0
1104,수십,2.0
1104,수십년,3.0
1104,개신교,3.0
1104,요즘,2.0
1104,적대,2.0
1104,대한,2.0
1104,대한민국,4.0
1104,민국,2.0
1106,박수,2.0
1107,노력,2.0
1107,보드,2.0
1107,무능,2.0
1107,악질,2.0
1107,악질좌파,4.0
1107,좌파,2.0
1107,시바,2.0
1107,시바노무,4.0
1107,노무,2.0
1107,패거리,3.0
1107,대한,2.0
1107,대한민국,4.0
1107,민국,2.0
1107,대한민국를,5.0
1107,국를,2.0
1108,이름,2.0
1108,국제,2.0
1108,국제콩쿨,4.0
1108,콩쿨,2.0
1108,대상,2.0
1108,군면제,3.0
1108,면제,2.0
1108,손흥민,3.0
1108,축구,2.0
1108,벤치,2.0
1108,선수,2.0
1108,방시,2.0
1108,방시혁,3.0
1108,세금,2.0
1108,억정,2.0
1108,윈윈,2.0
1108,외화,2.0
1108,외화벌이,4.0
1108,벌이,2.0
1109,군면제,3.0
1109,면제,2.0
1109,국방,2.0
1109,의무,2.0
1110,투표,2.0
1110,군면제,3.0
1110,면제,2.0
1110,사람,2.0
1110,동안,2.0
1110,경제,2.0
1110,가치,2.0
1110,영향력,3.0
1110,청년,2.0
1111,군면제,3.0
1111,면제,2.0
1112,암울,2.0
1112,시대,2.0
1112,소식,2.0
1112,자랑,2.0
1112,대한,2.0
1112,대한민국,4.0
1112,민국,2.0
1112,경사,2.0
1113,애국자,3.0
1114,캐나다,3.0
1114,스틴,2.0
1114,스틴비버,4.0
1114,비버,2.0
1114,성공,2.0
1114,대한,2.0
1114,대한민국,4.0
1114,민국,2.0
1114,난리,2.0
1114,난리치진,4.0
1114,치진,2.0
1114,자존,2.0
1114,자존감,3.0
1114,박약,2.0
1114,집단,2.0
1114,대한민국놈,5.0
1114,쟤들,2.0
1114,성공한거처럼,6.0
1114,우월감,3.0
1114,국뽕,2.0
1114,유튜브,3.0
1114,튜브,2.0
1114,가짜,2.0
1114,가짜뉴스,4.0
1114,뉴스,2.0
1114,조회수,3.0
1114,회수,2.0
1114,몇십,2.0
1114,몇백만,3.0
1114,백만,2.0
1115,최고,2.0
1115,자랑,2.0
1116,술장사,3.0
1116,여성,2.0
1116,성매매,3.0
1116,매매,2.0
1116,알선,2.0
1116,물뽕,2.0
1116,빅뱅,2.0
1116,승리,2.0
1116,대조적,3.0
1116,군면제,3.0
1116,면제,2.0
1116,판사,2.0
1116,결탁,2.0
1116,가보,2.0
1116,윤미향,3.0
1116,여성인권,4.0
1116,인권,2.0
1116,잘못,2.0
1116,구속,2.0
1116,대한,2.0
1116,대한민국,4.0
1116,민국,2.0
1116,수원,2.0
1116,군사,2.0
1116,군사법원,4.0
1116,법원,2.0
1116,재판,2.0
1116,재판대기중,5.0
1116,대기,2.0
1116,사단,2.0
1116,자대,2.0
1116,이빨,2.0
1116,성매매알선,5.0
1116,외환,2.0
1116,외환관리법,5.0
1116,관리법,3.0
1116,위반,2.0
1116,환치기,3.0
1116,미국,2.0
1116,해외,2.0
1116,해외원정,4.0
1116,원정,2.0
1116,상습,2.0
1116,세금,2.0
1116,세금탈세,4.0
1116,탈세,2.0
1116,공긍횡령,4.0
1116,횡령,2.0
1116,식품,2.0
1116,식품위생법,5.0
1116,위생법,3.0
1116,성폭력,3.0
1116,성폭력범죄,5.0
1116,범죄,2.0
1116,처벌,2.0
1116,특례법,3.0
1116,위반카메라,5.0
1116,카메라,3.0
1116,이용,2.0
1116,이용촬영,4.0
1116,촬영,2.0
1117,대한,2.0
1117,대한민국,4.0
1117,민국,2.0
1117,경제,2.0
1117,경제효과,4.0
1117,효과,2.0
1117,유발,2.0
1117,조단,2.0
1117,조단위더,4.0
1117,위더,2.0
1117,군면제,3.0
1117,면제,2.0
1117,기간,2.0
1117,의무적,3.0
1117,홍보,2.0
1117,머리,2.0
1118,최고,2.0
1118,축하,2.0
1119,보드,2.0
1119,진심,2.0
1119,최고,2.0
1119,최고이,3.0
1119,댓글,2.0
1119,말대,2.0
1119,군면제,3.0
1119,면제,2.0
1119,올림픽,3.0
1119,메달,2.0
1119,국위,2.0
1119,국위선양국위선양,8.0
1119,선양,2.0
1119,이유,2.0
1119,때문,2.0
1119,요즘,2.0
1119,쟤네,2.0
1119,국위선양국위,6.0
1119,위선,2.0
1119,양국,2.0
1119,선양선양,4.0
1119,대한,2.0
1119,대한민국,4.0
1119,민국,2.0
1119,뻘짓,2.0
1119,이용,2.0
1119,외교,2.0
1119,도움,2.0
1119,쫏바리,3.0
1119,바리,2.0
1119,이상,2.0
1119,증거,2.0
1119,독도,2.0
1119,문제,2.0
1119,포인트,3.0
1119,책내서,3.0
1119,내서,2.0
1119,자기,2.0
1119,전세계,3.0
1119,특별,2.0
1119,온라인,3.0
1119,공연,2.0
1119,거해,2.0
1119,쫏빠,2.0
1119,쫏빠리,3.0
1119,하자,2.0
1120,이름,2.0
1120,국제,2.0
1120,국제콩쿨,4.0
1120,콩쿨,2.0
1120,대상,2.0
1120,군면제,3.0
1120,면제,2.0
1120,손흥민,3.0
1120,축구,2.0
1120,벤치,2.0
1120,선수,2.0
1120,방시,2.0
1120,방시혁,3.0
1120,억정,2.0
1120,윈윈,2.0
1120,외화,2.0
1120,외화벌이,4.0
1120,벌이,2.0
1121,국위선양국위,6.0
1121,위선,2.0
1121,양국,2.0
1121,선양,2.0
1121,선양선양,4.0
1121,인생,2.0
1122,자랑,2.0
1122,행복,2.0
1123,덕분,2.0
1123,대한,2.0
1123,대한민국,4.0
1123,대한민국위선양상,8.0
1123,민국,2.0
1123,양상,2.0
1123,특수,2.0
1123,특수기간,4.0
1123,기간,2.0
1123,군면제,3.0
1123,면제,2.0
1124,스포츠,3.0
1124,스타,2.0
1124,국위,2.0
1124,양국,2.0
1124,양국위선양선양,7.0
1124,선양,2.0
1124,군면제,3.0
1124,면제,2.0
1125,정국,2.0
1125,생일,2.0
1125,생일축하,4.0
1125,축하,2.0
1125,자랑,2.0
1126,자랑,2.0
1126,요새,2.0
1126,시기,2.0
1126,노래,2.0
1126,세계적,3.0
1126,그룹,2.0
1126,최고,2.0
1126,우리,2.0
1126,대한,2.0
1126,대한민국,4.0
1126,민국,2.0
1126,국가,2.0
1126,국가대표,4.0
1126,대표,2.0
1126,과언,2.0
1128,대한,2.0
1128,대한민국,4.0
1128,민국,2.0
1128,사이,2.0
1129,자랑,2.0
1130,코로나,3.0
1130,우울,2.0
1130,시기,2.0
1130,소식,2.0
1130,축하,2.0
1131,군면제,3.0
1131,면제,2.0
1131,군면제리스트,6.0
1131,리스트,3.0
1131,멍충이,3.0
1131,정부,2.0
1131,정부관계자,5.0
1131,관계자,3.0
1132,생각,2.0
1132,대통령,3.0
1132,다에,2.0
1133,군면제,3.0
1133,면제,2.0
1133,금메달,3.0
1134,레전드,3.0
1134,전드,2.0
1134,넘사벽,3.0
1134,사벽,2.0
1135,대한,2.0
1135,대한민국,4.0
1135,민국,2.0
1135,부존자원,4.0
1135,자원,2.0
1135,빈국,2.0
1135,쓰럽,2.0
1135,쓰럽게,3.0
1135,세계,2.0
1135,세계문화,4.0
1135,문화,2.0
1135,대통령,3.0
1135,영어권,3.0
1135,텃세,2.0
1135,본고장,3.0
1135,미국,2.0
1135,보드,2.0
1135,싱글,2.0
1135,싱글차트,4.0
1135,차트,2.0
1135,올림픽,3.0
1135,월드컵,3.0
1135,메달,2.0
1135,메달딴것,4.0
1135,딴것,2.0
1135,비교,2.0
1135,쾌거,2.0
1135,요즘,2.0
1135,요즘대세,4.0
1135,대세,2.0
1135,능가,2.0
1135,만큼,2.0
1135,세계적,3.0
1135,자랑쓰런,4.0
1135,애국,2.0
1135,애국시민,4.0
1135,시민,2.0
1135,국회,2.0
1135,국방부,3.0
1135,병무청,3.0
1135,병역,2.0
1135,병역특례,4.0
1135,특례,2.0
1135,이름,2.0
1135,재능,2.0
1135,재능기부,4.0
1135,기부,2.0
1135,우리,2.0
1135,대한민국를,5.0
1135,국를,2.0
1135,국격,2.0
1136,군면제,3.0
1136,면제,2.0
1136,정치,2.0
1137,역사,2.0
1138,기사,2.0
1138,댓글,2.0
1138,군면제,3.0
1138,면제,2.0
1138,티나,2.0
1139,우울,2.0
1139,코로나,3.0
1139,생활,2.0
1139,생활속,3.0
1139,활력,2.0
1139,최고,2.0
1140,행복,2.0
1140,문통,2.0
1140,청와대,3.0
1140,기념,2.0
1140,초대,2.0
1140,시고,2.0
1140,시고하진,4.0
1141,자랑,2.0
1142,축하,2.0
1143,군면제생활,5.0
1143,면제,2.0
1143,생활,2.0
1143,진골,2.0
1143,올림픽,3.0
1143,백만,2.0
1143,백만배,3.0
1143,세팅,2.0
1143,입대,2.0
1143,국가적,3.0
1143,낭비,2.0
1144,국내,2.0
1144,콩쿨,2.0
1144,입상,2.0
1144,군면제,3.0
1144,면제,2.0
1144,보드,2.0
1144,무엇,2.0
1144,계속,2.0
1144,음활동,3.0
1144,활동,2.0
1144,군복,2.0
1145,문꼰대,3.0
1145,꼰대,2.0
1145,스을,2.0
1145,스을적,3.0
1145,숟가락,3.0
1145,말길,2.0
1146,오늘,2.0
1146,행복,2.0
1147,오졋,2.0
1148,얘들,2.0
1148,노래,2.0
1149,마인드,3.0
1149,컨트롤,3.0
1149,영상,2.0
1149,전부,2.0
1149,사탄,2.0
1149,숭배,2.0
1149,숭배영상,4.0
1149,청소년,3.0
1149,큰일,2.0
1150,시기,2.0
1150,희망,2.0
1150,대한,2.0
1150,대한민국,4.0
1150,민국,2.0
1150,자부심,3.0
1150,친구,2.0
1150,역사,2.0
1150,여러분,3.0
1150,노력,2.0
1150,경의,2.0
1150,존재,2.0
1151,인간적,3.0
1151,주훈련,3.0
1151,훈련,2.0
1151,활동,2.0
1151,사고,2.0
1151,보답,2.0
1151,생각,2.0
1151,남자,2.0
1151,내가,2.0
1151,군면제,3.0
1151,면제,2.0
1151,개월,2.0
1151,개월,2.0
1151,행사,2.0
1151,사단장,3.0
1151,사단장급,4.0
1151,싸인,2.0
1151,이것,2.0
1151,천배,2.0
1152,주모,2.0
1152,군면제,3.0
1152,면제,2.0
1152,인간적,3.0
1153,간만,2.0
1153,소식,2.0
1154,최고,2.0
1154,아무,2.0
1154,실력,2.0
1154,리얼,2.0
1154,역사,2.0
1154,성과,2.0
1154,자랑,2.0
1155,소름,2.0
1155,뉴스,2.0
1156,최고,2.0
1156,자랑,2.0
1156,사랑,2.0
1156,마음,2.0
1156,공감,2.0
1156,앨범,2.0
1156,노력,2.0
1156,결실,2.0
1157,오랫만,3.0
1157,소식,2.0
1159,누군가,3.0
1160,최고,2.0
1160,이네,2.0
1161,민방위,3.0
1161,년차,2.0
1161,군면제,3.0
1161,면제,2.0
1161,찬성,2.0
1162,보드,2.0
1162,핫백,2.0
1162,축하,2.0
1162,사랑,2.0
1163,정도,2.0
1163,군면제,3.0
1163,면제,2.0
1163,대한,2.0
1163,대한민국,4.0
1163,민국,2.0
1163,전세계,3.0
1163,큰일,2.0
1164,자랑,2.0
1164,노력,2.0
1164,결과,2.0
1164,생각,2.0
1164,축하,2.0
1165,국위선양국위,6.0
1165,위선,2.0
1165,양국,2.0
1165,선양,2.0
1165,선양선양,4.0
1165,군면제,3.0
1165,면제,2.0
1165,고려,2.0
1166,아미,2.0
1166,자랑,2.0
1167,너희,2.0
1167,덕분,2.0
1168,자랑,2.0
1168,아침,2.0
1168,뉴스,2.0
1168,뉴스라니,4.0
1168,라니,2.0
1169,자랑,2.0
1169,눈물,2.0
1170,대한,2.0
1170,대한민국,4.0
1170,민국,2.0
1170,한번,2.0
1171,과반수,3.0
1171,숟가락,3.0
1171,밥상,2.0
1171,우리,2.0
1171,보드,2.0
1171,그래미,3.0
1171,그래미가면,5.0
1171,가면,2.0
1171,즈그들,3.0
1171,비엔나,3.0
1171,다가,2.0
1171,줄아시,3.0
1171,아시,2.0
1171,실력,2.0
1171,실력있음,4.0
1171,있음,2.0
1171,방법,2.0
1171,가시길,3.0
1171,거말구,3.0
1171,말구,2.0
1171,얘들,2.0
1171,계단,2.0
1171,쌩신인,3.0
1171,데뷔,2.0
1171,목표,2.0
1171,어이,2.0
1171,라스,2.0
1172,새벽,2.0
1172,새벽내,3.0
1172,결과,2.0
1172,아미,2.0
1172,모두,2.0
1172,축하,2.0
1173,현재,2.0
1173,세계적,3.0
1173,보이,2.0
1173,보이그룹,4.0
1173,그룹,2.0
1173,이젠,2.0
1173,대한,2.0
1173,대한민국,4.0
1173,민국,2.0
1173,외국,2.0
1173,유명,2.0
1174,대신,2.0
1174,내가,2.0
1174,군면제,3.0
1174,면제,2.0
1174,대표,2.0
1174,월급,2.0
1174,주세,2.0
1174,자랑,2.0
1175,축하,2.0
1176,애국,2.0
1176,국위선양국위,6.0
1176,위선,2.0
1176,양국,2.0
1176,선양,2.0
1176,선양선양,4.0
1176,자랑,2.0
1176,대한,2.0
1176,대한민국,4.0
1176,민국,2.0
1176,세계,2.0
1176,모두,2.0
1176,코로나,3.0
1176,노래,2.0
1176,조금,2.0
1176,희망,2.0
1177,보내다,3.0
1178,군면제,3.0
1178,면제,2.0
1178,국개의원,4.0
1178,의원,2.0
1178,최고,2.0
1178,대한,2.0
1178,대한민국,4.0
1178,민국,2.0
1178,홍보,2.0
1178,워인,2.0
1179,사람,2.0
1179,군면제,3.0
1179,면제,2.0
1179,김호중,3.0
1179,호중,2.0
1181,면제,2.0
1182,개월,2.0
1182,동안,2.0
1182,국가,2.0
1182,세금,2.0
1182,내면,2.0
1182,눈면제,3.0
1182,면제,2.0
1182,가능,2.0
1182,법안,2.0
1182,최소,2.0
1182,억이상,3.0
1182,이상,2.0
1182,내야,2.0
1183,이것,2.0
1183,리얼,2.0
1183,보드,2.0
1183,순위,2.0
1183,이름,2.0
1184,진정,2.0
1184,국위선양국위,6.0
1184,위선,2.0
1184,양국,2.0
1184,선양,2.0
1184,선양선양,4.0
1185,건강,2.0
1185,행복,2.0
1186,사이,2.0
1187,넘사벽,3.0
1187,사벽,2.0
1187,최고,2.0
1187,시국,2.0
1187,뉴스,2.0
1188,주일,2.0
1188,발표,2.0
1188,보드,2.0
1188,국위,2.0
1188,국위선양국위선양,8.0
1188,선양,2.0
1188,연말,2.0
1188,그래미,3.0
1188,그래미상,4.0
1188,얘기,2.0
1188,그것,2.0
1188,생각,2.0
1189,군면제면제,5.0
1189,면제,2.0
1189,국격,2.0
1189,역할,2.0
1190,최고,2.0
1191,우리,2.0
1191,자랑,2.0
1191,축하,2.0
1192,축하,2.0
1192,기자,2.0
1192,사이,2.0
1192,이거엄청,4.0
1192,신경,2.0
1193,군면제,3.0
1193,면제,2.0
1193,해주자,3.0
1193,주자,2.0
1193,국위,2.0
1193,양국,2.0
1193,양국위선양선양,7.0
1193,선양,2.0
1193,공로,2.0
1194,자랑,2.0
1196,우리,2.0
1196,자랑,2.0
1196,사랑,2.0
1197,군면제,3.0
1197,면제,2.0
1198,군면제급,4.0
1198,면제,2.0
1199,자랑,2.0
1199,축하,2.0
1199,김남,2.0
1199,김석진,3.0
1199,민윤기,3.0
1199,윤기,2.0
1199,정호석,3.0
1199,호석,2.0
1199,박지,2.0
1199,박지민,3.0
1199,김태형,3.0
1199,전정국,3.0
1199,정국,2.0
